Rep Detail Report: Angie Robison,,,,,,,,,,,,,,
Generated: 2025-12-18 06:57:18,,,,,,,,,,,,,,
,,,,,,,,,,,,,,
================================================================================,,,,,,,,,,,,,,
SUMMARY METRICS,,,,,,,,,,,,,,
================================================================================,,,,,,,,,,,,,,
Total Accounts (after alignment):,Total 2024 Revenue: ,Total 2025 Revenue:,Accounts Removed (Floor):,Revenue Removed (Floor): ,Final Accounts (Keeping):,Final Revenue (Keeping):,Zero Revenue Accounts:,Zero Revenue New 2025 Accounts: ,,,,,,
255,4425393.3,4079564.13,22,15119.9,233,4064444.23,31,2,,,,,,
,,,,,,,,,,,,,,
,,,,,,,,,,,,,,
================================================================================,,,,,,,,,,,,,,
BREAKDOWN BY SEGMENT,,,,,,,,,,,,,,
================================================================================,,,,,,,,,,,,,,
,Accounts,Revenue,Removed,,,,,,,,,,
Group 1 High Potential: ,43,1918271.01,0,,,,,,,,,,
Group 1 Medium Potential: ,30,1248988.78,0,,,,,,,,,,
Group 2 Medium Potential: ,75,593824.56,0,,,,,,,,,,
Group 2 High Potential: ,26,259171.13,0,,,,,,,,,,
Group 3 Medium Potential: ,33,40931.8,9,,,,,,,,,,
Group 2 Low Potential: ,3,11982.0,0,,,,,,,,,,
Group 3 High Potential: ,6,4488.0,0,,,,,,,,,,
Group 3 Low Potential: ,39,1906.85,13,,,,,,,,,,
Totals,255,4079564.13,22,,,,,,,,,,
,,,,,,,,,,,,,,
================================================================================,,,,,,,,,,,,,,
GROUP 1 (HIGH REVENUE) - KEEPING: 73 accounts | 3167259.79 revenue,,,,,,,,,,,,,,
================================================================================,,,,,,,,,,,,,,
Account_ID,Account_Name,Segment,Sub_Segment,Total_Rev_2024,Total_Rev_2025,Orders_2024,Orders_2025,Revenue_Tier,Potential_Tier,Segment_Label,Customer_Since_Date,Is_New_2025,Composite_Score,Floor_Removed
1011419,J Allans LLC,RETAIL,MULTIPLE_LOCATIONS,108521.6,154195.33,77,96,HIGH_REVENUE,HIGH_POTENTIAL,Group 1 High Potential,1/2/2020,FALSE,74.7,FALSE
1013466,JFY Designs,DESIGN,DESIGN_FIRM,130284.0,133117.4,36,52,HIGH_REVENUE,MID_POTENTIAL,Group 1 Medium Potential,10/23/2019,FALSE,69.3,FALSE
1006742,Stock and Trade Design Co,RETAIL,MULTIPLE_LOCATIONS,176696.78,126334.32,237,158,HIGH_REVENUE,MID_POTENTIAL,Group 1 Medium Potential,7/8/2019,FALSE,67.6,FALSE
1000090,O.P. Jenkins Furniture Company,RETAIL,MULTIPLE_LOCATIONS,105948.57,104061.45,82,69,HIGH_REVENUE,HIGH_POTENTIAL,Group 1 High Potential,1/21/2020,FALSE,70.0,FALSE
1000803,"Redo Home and Rugs, Inc.",DESIGN,DESIGN_FIRM,45012.05,100864.07,26,75,HIGH_REVENUE,HIGH_POTENTIAL,Group 1 High Potential,11/6/2019,FALSE,77.6,FALSE
1006844,American Factory Direct,RETAIL,MULTIPLE_LOCATIONS,113573.5,91061.3,78,68,HIGH_REVENUE,MID_POTENTIAL,Group 1 Medium Potential,10/24/2019,FALSE,66.7,FALSE
1005021,Erik Jason Interiors,DESIGN,DESIGN_FIRM,75799.9,82874.17,30,54,HIGH_REVENUE,HIGH_POTENTIAL,Group 1 High Potential,9/16/2020,FALSE,73.2,FALSE
1017327,Gulf Coast Home,RETAIL,SINGLE_LOCATION,77585.28,73471.5,51,55,HIGH_REVENUE,HIGH_POTENTIAL,Group 1 High Potential,10/12/2020,FALSE,75.2,FALSE
1022607,JES & GRAY LIVING,RETAIL,MULTIPLE_LOCATIONS,110935.01,70171.6,177,120,HIGH_REVENUE,MID_POTENTIAL,Group 1 Medium Potential,9/16/2022,FALSE,65.4,FALSE
1000757,Summer House LLC,RETAIL,MULTIPLE_LOCATIONS,69978.91,66612.4,54,26,HIGH_REVENUE,MID_POTENTIAL,Group 1 Medium Potential,4/29/2020,FALSE,68.0,FALSE
1011869,Textures,RETAIL,SINGLE_LOCATION,89907.81,62833.61,53,58,HIGH_REVENUE,HIGH_POTENTIAL,Group 1 High Potential,2/10/2020,FALSE,72.6,FALSE
1012037,Spiffy Design LLC,DESIGN,DESIGN_FIRM,64524.5,62621.0,57,53,HIGH_REVENUE,MID_POTENTIAL,Group 1 Medium Potential,2/3/2020,FALSE,69.7,FALSE
1006347,"McMillin Interiors, Ltd.",DESIGN,DESIGN_FIRM,57265.48,60357.84,40,40,HIGH_REVENUE,MID_POTENTIAL,Group 1 Medium Potential,1/6/2020,FALSE,69.9,FALSE
1001474,Bella Vita Interiors,DESIGN,DESIGN_FIRM,37936.3,60088.78,17,20,HIGH_REVENUE,HIGH_POTENTIAL,Group 1 High Potential,3/11/2020,FALSE,74.5,FALSE
1000082,L and M Interior Design LLC,DESIGN,DESIGN_FIRM,28925.0,58044.8,12,30,HIGH_REVENUE,HIGH_POTENTIAL,Group 1 High Potential,2/10/2020,FALSE,83.8,FALSE
1013488,Cumbaa Design Co,RETAIL,SINGLE_LOCATION,55932.7,54554.5,53,34,HIGH_REVENUE,HIGH_POTENTIAL,Group 1 High Potential,1/27/2020,FALSE,71.9,FALSE
1005212,Greene & Co. Interiors,DESIGN,DESIGN_FIRM,38167.98,53911.88,26,33,HIGH_REVENUE,HIGH_POTENTIAL,Group 1 High Potential,12/13/2019,FALSE,74.5,FALSE
1016267,Antique Shops of Jackson,RETAIL,SINGLE_LOCATION,22707.8,51181.4,16,16,HIGH_REVENUE,HIGH_POTENTIAL,Group 1 High Potential,5/18/2020,FALSE,80.9,FALSE
1000087,Nelson Wilson Interiors,DESIGN,DESIGN_FIRM,30401.89,50105.0,26,27,HIGH_REVENUE,HIGH_POTENTIAL,Group 1 High Potential,8/16/2021,FALSE,73.1,FALSE
1001144,Beth Haley Design,DESIGN,DESIGN_FIRM,27030.3,49651.0,22,16,HIGH_REVENUE,HIGH_POTENTIAL,Group 1 High Potential,11/4/2019,FALSE,79.0,FALSE
1015953,Studio 36 Design,DESIGN,DESIGN_FIRM,39662.95,49500.85,26,32,HIGH_REVENUE,HIGH_POTENTIAL,Group 1 High Potential,3/17/2021,FALSE,70.9,FALSE
1006858,Summer Classics (KY),RETAIL,SINGLE_LOCATION,20248.3,48976.0,13,30,HIGH_REVENUE,HIGH_POTENTIAL,Group 1 High Potential,12/2/2019,FALSE,88.2,FALSE
1013489,The White House Interiors,RETAIL,SINGLE_LOCATION,27869.4,47368.4,30,35,HIGH_REVENUE,HIGH_POTENTIAL,Group 1 High Potential,10/7/2019,FALSE,73.7,FALSE
1014610,The Mix Interiors,DESIGN,DESIGNER_INDEPENDENT,32642.0,43825.62,20,23,HIGH_REVENUE,HIGH_POTENTIAL,Group 1 High Potential,4/18/2021,FALSE,72.5,FALSE
1000052,Haley's Furnishings Inc./Haley's Furnishings CO.,RETAIL,SINGLE_LOCATION,48761.8,43178.75,46,42,HIGH_REVENUE,HIGH_POTENTIAL,Group 1 High Potential,9/19/2019,FALSE,70.7,FALSE
1025235,The Corbel,RETAIL,SINGLE_LOCATION,38266.5,42229.7,66,78,HIGH_REVENUE,HIGH_POTENTIAL,Group 1 High Potential,8/28/2023,FALSE,72.9,FALSE
1022899,ASHLEY GALLION INTERIORS INC,RETAIL,SINGLE_LOCATION,42531.7,41072.25,34,29,HIGH_REVENUE,HIGH_POTENTIAL,Group 1 High Potential,10/27/2022,FALSE,70.1,FALSE
1001406,Sofas and Chairs,RETAIL,SINGLE_LOCATION,18112.0,40984.1,20,26,HIGH_REVENUE,HIGH_POTENTIAL,Group 1 High Potential,10/22/2019,FALSE,85.8,FALSE
1012634,Kim Mclain Interiors,DESIGN,DESIGN_FIRM,55802.2,40874.35,35,53,HIGH_REVENUE,HIGH_POTENTIAL,Group 1 High Potential,2/6/2020,FALSE,70.2,FALSE
1004686,"Bragg Furniture Co, Inc.",RETAIL,SINGLE_LOCATION,67551.32,39986.45,45,39,HIGH_REVENUE,MID_POTENTIAL,Group 1 Medium Potential,2/3/2020,FALSE,65.9,FALSE
1004693,Malouf Furniture,RETAIL,SINGLE_LOCATION,41081.07,38160.8,59,60,HIGH_REVENUE,HIGH_POTENTIAL,Group 1 High Potential,1/30/2020,FALSE,72.0,FALSE
1019612,Myrick Interior Design,DESIGN,DESIGNER_INDEPENDENT,36125.9,37405.0,26,23,HIGH_REVENUE,MID_POTENTIAL,Group 1 Medium Potential,7/19/2021,FALSE,68.3,FALSE
1013609,"Miskelly Furniture Warehouse, Inc.",RETAIL,MULTIPLE_LOCATIONS,38645.25,37097.5,33,28,HIGH_REVENUE,MID_POTENTIAL,Group 1 Medium Potential,10/2/2019,FALSE,68.6,FALSE
1036846,Peddler Interiors and Gifts,RETAIL,SINGLE_LOCATION,0.0,36780.5,0,33,HIGH_REVENUE,HIGH_POTENTIAL,Group 1 High Potential,4/28/2025,TRUE,61.3,FALSE
1009998,M II Interiors,DESIGN,DESIGN_FIRM,35020.0,35760.5,24,21,HIGH_REVENUE,MID_POTENTIAL,Group 1 Medium Potential,1/14/2020,FALSE,65.8,FALSE
1008077,McDonough Ent dba United Textiles,RETAIL,SINGLE_LOCATION,35719.13,35714.93,4,6,HIGH_REVENUE,MID_POTENTIAL,Group 1 Medium Potential,2/26/2020,FALSE,44.3,FALSE
1017067,Alexandra Lauren Home Collection,RETAIL,SINGLE_LOCATION,13390.92,33992.76,14,25,HIGH_REVENUE,HIGH_POTENTIAL,Group 1 High Potential,8/27/2020,FALSE,81.2,FALSE
1008917,Stephanie Ervin Design,DESIGN,DESIGNER_INDEPENDENT,32703.65,32374.0,23,21,HIGH_REVENUE,HIGH_POTENTIAL,Group 1 High Potential,2/3/2020,FALSE,72.7,FALSE
1003152,Lisa Mallory Interior Design,RETAIL,SINGLE_LOCATION,47203.1,32288.4,21,31,HIGH_REVENUE,MID_POTENTIAL,Group 1 Medium Potential,9/6/2021,FALSE,65.2,FALSE
1012308,Rosemary Home,RETAIL,SINGLE_LOCATION,35502.6,32142.29,23,19,HIGH_REVENUE,MID_POTENTIAL,Group 1 Medium Potential,1/8/2020,FALSE,68.0,FALSE
1005407,Myers Carpet - Artemis,RETAIL,SINGLE_LOCATION,15913.56,31758.5,5,8,HIGH_REVENUE,HIGH_POTENTIAL,Group 1 High Potential,9/25/2019,FALSE,84.1,FALSE
1003372,"Doerr Furniture, Inc.",RETAIL,MULTIPLE_LOCATIONS,28500.15,30904.31,62,61,HIGH_REVENUE,HIGH_POTENTIAL,Group 1 High Potential,9/23/2019,FALSE,72.9,FALSE
1005664,"Knoxville Wholesale Furniture Co, Inc.",RETAIL,MULTIPLE_LOCATIONS,5541.0,30651.0,7,15,HIGH_REVENUE,HIGH_POTENTIAL,Group 1 High Potential,10/24/2019,FALSE,85.9,FALSE
1016036,DIXON SMITH INTERIORS,RETAIL,SINGLE_LOCATION,14777.83,29999.49,7,11,HIGH_REVENUE,HIGH_POTENTIAL,Group 1 High Potential,7/6/2020,FALSE,71.6,FALSE
1004407,"Brad Ramsey Interiors, LLC",DESIGN,DESIGNER_INDEPENDENT,32548.8,29828.25,12,13,HIGH_REVENUE,MID_POTENTIAL,Group 1 Medium Potential,12/2/2020,FALSE,64.7,FALSE
1012460,Lisa Hogue - The Feathered Nest,RETAIL,SINGLE_LOCATION,41479.5,29822.5,43,25,HIGH_REVENUE,MID_POTENTIAL,Group 1 Medium Potential,3/6/2020,FALSE,68.4,FALSE
1003396,Grayson Carter Design,DESIGN,DESIGNER_INDEPENDENT,19551.39,28802.1,11,19,HIGH_REVENUE,HIGH_POTENTIAL,Group 1 High Potential,4/20/2020,FALSE,71.6,FALSE
1015365,Garrett Furniture DBA Factory Direct Furniture,RETAIL,SINGLE_LOCATION,41557.6,28587.45,47,29,HIGH_REVENUE,MID_POTENTIAL,Group 1 Medium Potential,2/3/2020,FALSE,66.5,FALSE
1011936,Hall York Design,DESIGN,DESIGNER_INDEPENDENT,14339.8,28476.23,14,28,HIGH_REVENUE,HIGH_POTENTIAL,Group 1 High Potential,2/18/2020,FALSE,82.4,FALSE
1020201,Driscoll Design,DESIGN,DESIGN_FIRM,11457.69,28451.9,5,4,HIGH_REVENUE,MID_POTENTIAL,Group 1 Medium Potential,1/19/2022,FALSE,67.0,FALSE
1009378,Lampadas,RETAIL,SINGLE_LOCATION,49288.3,28438.5,27,32,HIGH_REVENUE,HIGH_POTENTIAL,Group 1 High Potential,9/25/2018,FALSE,70.0,FALSE
1000813,Design House Interiors- TN,RETAIL,SINGLE_LOCATION,27777.14,28260.0,30,21,HIGH_REVENUE,MID_POTENTIAL,Group 1 Medium Potential,1/2/2020,FALSE,69.7,FALSE
1008608,Sara Ray Interior Design,DESIGN,DESIGN_FIRM,7250.0,28006.6,6,25,HIGH_REVENUE,HIGH_POTENTIAL,Group 1 High Potential,11/25/2019,FALSE,92.1,FALSE
1015545,Johnson's Inc,RETAIL,SINGLE_LOCATION,0.0,27586.0,0,32,HIGH_REVENUE,MID_POTENTIAL,Group 1 Medium Potential,2/27/2020,FALSE,67.4,FALSE
1024905,Sunbelt Lighting Lafayette,RETAIL,MULTIPLE_LOCATIONS,15871.5,24868.19,14,24,HIGH_REVENUE,HIGH_POTENTIAL,Group 1 High Potential,7/19/2023,FALSE,74.6,FALSE
1002151,Fowler Brothers Co. Home and Patio,RETAIL,SINGLE_LOCATION,39600.9,24593.9,29,25,HIGH_REVENUE,MID_POTENTIAL,Group 1 Medium Potential,11/21/2019,FALSE,66.3,FALSE
1001835,Warehouse 67,RETAIL,SINGLE_LOCATION,33686.3,23505.0,26,13,HIGH_REVENUE,HIGH_POTENTIAL,Group 1 High Potential,1/23/2020,FALSE,72.7,FALSE
1014866,Lesle Veca Designs,RETAIL,SINGLE_LOCATION,34208.2,22961.42,25,23,HIGH_REVENUE,MID_POTENTIAL,Group 1 Medium Potential,11/7/2019,FALSE,68.6,FALSE
1020056,ARGENT,RETAIL,SINGLE_LOCATION,34451.61,22701.63,29,23,HIGH_REVENUE,MID_POTENTIAL,Group 1 Medium Potential,9/7/2021,FALSE,63.2,FALSE
1021105,Hurwitz Mintz,RETAIL,SINGLE_LOCATION,22919.0,22259.82,11,15,HIGH_REVENUE,MID_POTENTIAL,Group 1 Medium Potential,2/1/2022,FALSE,64.6,FALSE
1002911,"MCBI One, LLC dba McAlpine",DESIGN,DESIGN_FIRM,48786.25,22027.97,11,23,HIGH_REVENUE,MID_POTENTIAL,Group 1 Medium Potential,9/5/2019,FALSE,69.5,FALSE
1021726,Moda designs,RETAIL,SINGLE_LOCATION,29287.9,21831.0,60,33,HIGH_REVENUE,MID_POTENTIAL,Group 1 Medium Potential,6/15/2022,FALSE,64.5,FALSE
1016831,Claire Thompson Design,DESIGN,DESIGN_FIRM,41449.11,21499.01,23,7,HIGH_REVENUE,MID_POTENTIAL,Group 1 Medium Potential,7/22/2020,FALSE,61.9,FALSE
1018670,Summer Classics - Nashville 306,RETAIL,SINGLE_LOCATION,22498.0,21479.5,14,7,HIGH_REVENUE,HIGH_POTENTIAL,Group 1 High Potential,4/26/2021,FALSE,71.6,FALSE
1012803,Jennifer Russell Designs,DESIGN,DESIGN_FIRM,16330.97,21354.75,14,12,HIGH_REVENUE,HIGH_POTENTIAL,Group 1 High Potential,7/8/2020,FALSE,74.4,FALSE
1020327,LeFleur Interiors and Gifts,RETAIL,SINGLE_LOCATION,20369.0,20683.0,32,26,HIGH_REVENUE,MID_POTENTIAL,Group 1 Medium Potential,1/18/2022,FALSE,66.7,FALSE
1018745,Wilhouse Designs,DESIGN,DESIGN_FIRM,36237.0,19513.9,11,18,HIGH_REVENUE,HIGH_POTENTIAL,Group 1 High Potential,3/3/2021,FALSE,74.4,FALSE
1012880,Julie Mays Interiors,DESIGN,DESIGN_FIRM,13606.12,19423.37,10,11,HIGH_REVENUE,HIGH_POTENTIAL,Group 1 High Potential,7/18/2019,FALSE,73.0,FALSE
1022479,Lovelace Studios,DESIGN,DESIGNER_INDEPENDENT,14373.82,19150.0,8,12,HIGH_REVENUE,HIGH_POTENTIAL,Group 1 High Potential,2/3/2023,FALSE,77.8,FALSE
1011696,Mint Decor,RETAIL,SINGLE_LOCATION,17873.8,18821.6,24,23,HIGH_REVENUE,MID_POTENTIAL,Group 1 Medium Potential,12/9/2019,FALSE,69.1,FALSE
1002991,Mews Beds & More,RETAIL,SINGLE_LOCATION,44278.5,18402.4,35,9,HIGH_REVENUE,MID_POTENTIAL,Group 1 Medium Potential,10/20/2019,FALSE,61.3,FALSE
1001859,Brewer Designs,DESIGN,DESIGNER_INDEPENDENT,26745.2,18394.0,15,16,HIGH_REVENUE,HIGH_POTENTIAL,Group 1 High Potential,12/23/2019,FALSE,74.6,FALSE
1017804,"Spatial, LLC",DESIGN,DESIGN_FIRM,6687.0,18390.0,7,16,HIGH_REVENUE,HIGH_POTENTIAL,Group 1 High Potential,12/2/2021,FALSE,75.4,FALSE
,,,,,,,,,,,,,,
================================================================================,,,,,,,,,,,,,,
GROUP 2 (MID REVENUE) - KEEPING: 104 accounts | 864977.69 revenue,,,,,,,,,,,,,,
================================================================================,,,,,,,,,,,,,,
Account_ID,Account_Name,Segment,Sub_Segment,Total_Rev_2024,Total_Rev_2025,Orders_2024,Orders_2025,Revenue_Tier,Potential_Tier,Segment_Label,Customer_Since_Date,Is_New_2025,Composite_Score,Floor_Removed
1011606,"Set to Sell, LLC",DESIGN,DESIGN_FIRM,196.2,17045.2,1,8,MID_REVENUE,HIGH_POTENTIAL,Group 2 High Potential,10/29/2019,FALSE,76.1,FALSE
1024770,Laura Cedor Interiors- Designers III,RETAIL,SINGLE_LOCATION,8557.5,16425.0,2,11,MID_REVENUE,MID_POTENTIAL,Group 2 Medium Potential,10/10/2023,FALSE,67.5,FALSE
1012354,Onxy and Alabaster Tanya Hembree Design,RETAIL,SINGLE_LOCATION,9414.0,16373.48,3,19,MID_REVENUE,HIGH_POTENTIAL,Group 2 High Potential,10/10/2019,FALSE,83.8,FALSE
1007627,LMC Enterprises dba Murphy and Maude,DESIGN,DESIGN_FIRM,12600.0,16330.0,12,13,MID_REVENUE,HIGH_POTENTIAL,Group 2 High Potential,4/7/2019,FALSE,73.3,FALSE
1024649,SUMMER CLASSICS - SCOTTSDALE,RETAIL,SINGLE_LOCATION,24034.0,16166.0,25,13,MID_REVENUE,HIGH_POTENTIAL,Group 2 High Potential,6/12/2023,FALSE,71.5,FALSE
1037388,Inspirations,RETAIL,SINGLE_LOCATION,0.0,16060.0,0,5,MID_REVENUE,HIGH_POTENTIAL,Group 2 High Potential,6/26/2025,TRUE,48.1,FALSE
1002859,Atchison Imports,DESIGN,DESIGN_FIRM,8788.0,15892.4,10,13,MID_REVENUE,MID_POTENTIAL,Group 2 Medium Potential,1/21/2020,FALSE,69.5,FALSE
1011415,City Hill Design,DESIGN,DESIGN_FIRM,21763.7,15672.0,10,9,MID_REVENUE,MID_POTENTIAL,Group 2 Medium Potential,11/20/2019,FALSE,64.1,FALSE
1025234,"Jackson Furniture Industries, INC",RETAIL,MULTIPLE_LOCATIONS,11529.0,15580.0,7,4,MID_REVENUE,MID_POTENTIAL,Group 2 Medium Potential,8/10/2023,FALSE,59.2,FALSE
1001313,Summer Classics - Pelham 301,RETAIL,MULTIPLE_LOCATIONS,37857.0,15485.75,20,9,MID_REVENUE,MID_POTENTIAL,Group 2 Medium Potential,11/25/2019,FALSE,58.1,FALSE
1012285,Capitol Park Antiques,RETAIL,SINGLE_LOCATION,41799.25,15324.5,20,26,MID_REVENUE,MID_POTENTIAL,Group 2 Medium Potential,1/9/2020,FALSE,62.9,FALSE
1010248,Eros,RETAIL,SINGLE_LOCATION,18991.0,15299.5,29,29,MID_REVENUE,MID_POTENTIAL,Group 2 Medium Potential,11/12/2019,FALSE,65.6,FALSE
1022681,CG Studio Interiors LLC,DESIGN,DESIGNER_INDEPENDENT,8088.55,15161.0,3,5,MID_REVENUE,HIGH_POTENTIAL,Group 2 High Potential,12/19/2022,FALSE,77.0,FALSE
1019576,Elements Design Decor LLC,RETAIL,SINGLE_LOCATION,17807.5,14602.0,15,12,MID_REVENUE,MID_POTENTIAL,Group 2 Medium Potential,6/13/2021,FALSE,69.9,FALSE
1014552,Presson Interior Design,DESIGN,DESIGNER_INDEPENDENT,7615.88,14215.95,9,4,MID_REVENUE,MID_POTENTIAL,Group 2 Medium Potential,7/11/2020,FALSE,61.4,FALSE
1007799,Shirmar Enterprises dba Furniture Expressions,RETAIL,SINGLE_LOCATION,0.0,13468.9,0,4,MID_REVENUE,MID_POTENTIAL,Group 2 Medium Potential,2/13/2020,FALSE,60.0,FALSE
1017787,"Livio Designs, LLC",RETAIL,SINGLE_LOCATION,9370.6,13400.0,11,11,MID_REVENUE,HIGH_POTENTIAL,Group 2 High Potential,11/3/2020,FALSE,75.2,FALSE
1019018,Mayker,RETAIL,SINGLE_LOCATION,15469.6,13121.0,22,16,MID_REVENUE,MID_POTENTIAL,Group 2 Medium Potential,7/5/2021,FALSE,63.5,FALSE
1002960,French Mix,DESIGN,DESIGN_FIRM,24506.87,13091.0,11,5,MID_REVENUE,MID_POTENTIAL,Group 2 Medium Potential,3/31/2020,FALSE,63.6,FALSE
1013210,Relish Home Accents,RETAIL,SINGLE_LOCATION,14284.0,13036.5,14,10,MID_REVENUE,MID_POTENTIAL,Group 2 Medium Potential,1/28/2020,FALSE,63.5,FALSE
1022721,Lighting Unlimited / Uncommon Living,RETAIL,SINGLE_LOCATION,7963.4,12817.1,26,17,MID_REVENUE,HIGH_POTENTIAL,Group 2 High Potential,10/13/2022,FALSE,77.6,FALSE
1002225,Anderson Design Studio,DESIGN,DESIGNER_INDEPENDENT,10597.0,12723.6,8,11,MID_REVENUE,HIGH_POTENTIAL,Group 2 High Potential,1/6/2020,FALSE,78.5,FALSE
1017330,Spruced Up Staging + Design,RETAIL,SINGLE_LOCATION,4927.5,12463.0,3,8,MID_REVENUE,HIGH_POTENTIAL,Group 2 High Potential,6/13/2021,FALSE,75.9,FALSE
1000105,"Sprintz Furniture Showroom, Inc.",RETAIL,MULTIPLE_LOCATIONS,34641.9,12375.2,20,13,MID_REVENUE,MID_POTENTIAL,Group 2 Medium Potential,1/3/2020,FALSE,68.9,FALSE
1004162,Abode,RETAIL,SINGLE_LOCATION,17075.75,12220.5,26,28,MID_REVENUE,MID_POTENTIAL,Group 2 Medium Potential,5/23/2022,FALSE,64.4,FALSE
1007600,Holcombe Interior Design,DESIGN,DESIGN_FIRM,7950.0,12214.0,4,3,MID_REVENUE,MID_POTENTIAL,Group 2 Medium Potential,1/15/2024,FALSE,51.9,FALSE
1017183,Craft Interiors,DESIGN,DESIGN_FIRM,21855.1,12090.97,25,13,MID_REVENUE,HIGH_POTENTIAL,Group 2 High Potential,9/16/2020,FALSE,71.2,FALSE
1016529,Corrinn Fisher Interiors,RETAIL,SINGLE_LOCATION,23817.4,11952.0,22,14,MID_REVENUE,HIGH_POTENTIAL,Group 2 High Potential,8/24/2020,FALSE,70.3,FALSE
1012012,Pentimento,DESIGN,DESIGN_FIRM,36739.9,11501.0,6,1,MID_REVENUE,MID_POTENTIAL,Group 2 Medium Potential,4/14/2020,FALSE,52.6,FALSE
1023137,JDSM Design Group LLC DBA Story Interior Design,DESIGN,DESIGN_FIRM,12870.76,11227.0,6,12,MID_REVENUE,MID_POTENTIAL,Group 2 Medium Potential,1/5/2023,FALSE,68.6,FALSE
1016183,luxe staging and design,DESIGN,DESIGN_FIRM,20796.15,11221.0,15,9,MID_REVENUE,MID_POTENTIAL,Group 2 Medium Potential,5/11/2020,FALSE,56.0,FALSE
1023087,The Dwell Boutique,RETAIL,SINGLE_LOCATION,18772.35,10875.5,10,6,MID_REVENUE,MID_POTENTIAL,Group 2 Medium Potential,11/8/2022,FALSE,55.3,FALSE
1009597,Bohlert Massey,DESIGN,DESIGN_FIRM,33481.31,10820.03,21,7,MID_REVENUE,MID_POTENTIAL,Group 2 Medium Potential,9/17/2019,FALSE,64.4,FALSE
1016783,Lindsey Black Interiors,DESIGN,DESIGN_FIRM,9588.4,10743.0,2,2,MID_REVENUE,MID_POTENTIAL,Group 2 Medium Potential,7/16/2020,FALSE,47.4,FALSE
1008634,Flynn Designs,DESIGN,DESIGN_FIRM,18326.9,10715.25,17,10,MID_REVENUE,MID_POTENTIAL,Group 2 Medium Potential,4/20/2020,FALSE,65.6,FALSE
1006814,Davis Design Concepts,DESIGN,DESIGN_FIRM,10728.0,10685.0,3,5,MID_REVENUE,MID_POTENTIAL,Group 2 Medium Potential,8/26/2019,FALSE,66.8,FALSE
1015416,Gatlin Interiors,DESIGN,DESIGN_FIRM,21072.9,10077.5,11,11,MID_REVENUE,MID_POTENTIAL,Group 2 Medium Potential,2/10/2020,FALSE,62.1,FALSE
1001667,Greg Baudoin Interior Design,DESIGN,DESIGN_FIRM,7686.2,9811.2,5,5,MID_REVENUE,MID_POTENTIAL,Group 2 Medium Potential,6/22/2020,FALSE,60.5,FALSE
1011408,"Ashley Hall Interiors, Ltd.",DESIGN,DESIGN_FIRM,33439.4,9762.0,20,7,MID_REVENUE,MID_POTENTIAL,Group 2 Medium Potential,4/29/2020,FALSE,63.6,FALSE
1000101,"Russell Lee Floor and Tile Co. , Inc.",RETAIL,SINGLE_LOCATION,395.0,9706.5,1,2,MID_REVENUE,MID_POTENTIAL,Group 2 Medium Potential,8/5/2020,FALSE,59.3,FALSE
1000846,Eclectic Home,DESIGN,DESIGN_FIRM,24783.0,9633.0,26,14,MID_REVENUE,HIGH_POTENTIAL,Group 2 High Potential,1/16/2020,FALSE,74.5,FALSE
1011729,"Tara Felice Interiors, LLC",DESIGN,DESIGNER_INDEPENDENT,254.0,9628.78,4,4,MID_REVENUE,HIGH_POTENTIAL,Group 2 High Potential,4/15/2020,FALSE,74.0,FALSE
1000076,Harbs Carpeting & Oriental Rugs,RETAIL,SINGLE_LOCATION,825.8,9486.5,3,8,MID_REVENUE,HIGH_POTENTIAL,Group 2 High Potential,9/12/2019,FALSE,76.4,FALSE
1007222,Julie Couch Interiors,DESIGN,DESIGN_FIRM,9238.0,9480.0,8,9,MID_REVENUE,MID_POTENTIAL,Group 2 Medium Potential,12/4/2019,FALSE,69.7,FALSE
1000078,Issis and Sons,RETAIL,MULTIPLE_LOCATIONS,6412.5,9432.45,6,5,MID_REVENUE,MID_POTENTIAL,Group 2 Medium Potential,5/1/2020,FALSE,54.7,FALSE
1015272,Red Door Interiors,RETAIL,SINGLE_LOCATION,6314.2,8907.0,4,3,MID_REVENUE,MID_POTENTIAL,Group 2 Medium Potential,4/7/2021,FALSE,68.4,FALSE
1010703,March and May Design,DESIGN,DESIGN_FIRM,693.5,8791.0,2,2,MID_REVENUE,MID_POTENTIAL,Group 2 Medium Potential,1/13/2020,FALSE,66.5,FALSE
1019577,GLO DESIGN STUDIO,DESIGN,DESIGN_FIRM,1485.0,8730.0,2,9,MID_REVENUE,HIGH_POTENTIAL,Group 2 High Potential,6/10/2021,FALSE,74.1,FALSE
1016767,Trends By Design AE LLC,DESIGN,DESIGN_FIRM,11537.0,8305.27,9,5,MID_REVENUE,MID_POTENTIAL,Group 2 Medium Potential,7/20/2020,FALSE,58.5,FALSE
1018328,Delta Flooring & Interiors,RETAIL,SINGLE_LOCATION,16837.55,8156.0,11,10,MID_REVENUE,HIGH_POTENTIAL,Group 2 High Potential,2/16/2021,FALSE,71.1,FALSE
1011924,Defining Home,DESIGN,DESIGN_FIRM,669.0,7846.0,1,3,MID_REVENUE,MID_POTENTIAL,Group 2 Medium Potential,9/21/2020,FALSE,59.8,FALSE
1005727,Jill Hertz Interior Design,DESIGN,DESIGN_FIRM,75.0,7605.0,0,2,MID_REVENUE,MID_POTENTIAL,Group 2 Medium Potential,1/27/2020,FALSE,66.3,FALSE
1013217,Gracefully Done,RETAIL,SINGLE_LOCATION,24269.35,7538.0,13,3,MID_REVENUE,MID_POTENTIAL,Group 2 Medium Potential,2/12/2020,FALSE,50.5,FALSE
1001035,Wes Ulmo Interior Design,DESIGN,DESIGN_FIRM,14440.0,7497.5,12,9,MID_REVENUE,MID_POTENTIAL,Group 2 Medium Potential,1/6/2020,FALSE,62.4,FALSE
1008081,Marcelle Guilbeau Interior Design,DESIGN,DESIGN_FIRM,690.0,7049.0,1,3,MID_REVENUE,MID_POTENTIAL,Group 2 Medium Potential,1/19/2021,FALSE,66.9,FALSE
1036013,Fawn Brook Interiors LLC,RETAIL,SINGLE_LOCATION,0.0,6617.0,0,6,MID_REVENUE,HIGH_POTENTIAL,Group 2 High Potential,2/8/2025,TRUE,65.2,FALSE
1006062,White Bungalow / Ashley Grant Interiors,DESIGN,DESIGN_FIRM,36844.76,6203.2,20,12,MID_REVENUE,MID_POTENTIAL,Group 2 Medium Potential,2/3/2020,FALSE,57.0,FALSE
1016275,Khaki Daniel Design,DESIGN,DESIGNER_INDEPENDENT,4803.0,6156.1,5,6,MID_REVENUE,MID_POTENTIAL,Group 2 Medium Potential,8/26/2020,FALSE,59.1,FALSE
1013102,Brooks and Collier,RETAIL,SINGLE_LOCATION,4477.5,5785.4,12,10,MID_REVENUE,MID_POTENTIAL,Group 2 Medium Potential,1/14/2020,FALSE,64.6,FALSE
1002250,Dennis Lee Furniture,RETAIL,SINGLE_LOCATION,1804.0,5766.57,3,3,MID_REVENUE,HIGH_POTENTIAL,Group 2 High Potential,5/18/2020,FALSE,74.1,FALSE
1020428,Storehouse no. 9,RETAIL,SINGLE_LOCATION,0.0,5670.0,0,5,MID_REVENUE,MID_POTENTIAL,Group 2 Medium Potential,10/14/2021,FALSE,65.8,FALSE
1024492,PESSON FURNITURE,RETAIL,SINGLE_LOCATION,10854.5,5661.0,11,2,MID_REVENUE,LOW_POTENTIAL,Group 2 Low Potential,5/10/2023,FALSE,38.9,FALSE
1005229,Jade,RETAIL,SINGLE_LOCATION,4223.0,5645.04,5,5,MID_REVENUE,MID_POTENTIAL,Group 2 Medium Potential,2/7/2020,FALSE,64.3,FALSE
1026717,Kristi Webb Interiors,RETAIL,SINGLE_LOCATION,600.0,5590.0,1,3,MID_REVENUE,MID_POTENTIAL,Group 2 Medium Potential,3/14/2024,FALSE,65.0,FALSE
1010435,Lynn's Interiors,RETAIL,SINGLE_LOCATION,0.0,5350.0,0,5,MID_REVENUE,MID_POTENTIAL,Group 2 Medium Potential,1/20/2020,FALSE,61.3,FALSE
1037579,Julie Smallwood Designs,DESIGN,DESIGNER_INDEPENDENT,0.0,5211.0,0,6,MID_REVENUE,HIGH_POTENTIAL,Group 2 High Potential,7/22/2025,TRUE,54.3,FALSE
1014189,Samantha Stein Interiors,DESIGN,DESIGNER_INDEPENDENT,9817.0,5202.69,7,1,MID_REVENUE,MID_POTENTIAL,Group 2 Medium Potential,11/20/2020,FALSE,46.5,FALSE
1016294,Wilton & Company,DESIGN,DESIGN_FIRM,12962.15,5184.0,11,5,MID_REVENUE,MID_POTENTIAL,Group 2 Medium Potential,10/13/2020,FALSE,61.4,FALSE
1020750,Henson-Hinck Designs,DESIGN,DESIGN_FIRM,7243.0,5143.0,6,2,MID_REVENUE,MID_POTENTIAL,Group 2 Medium Potential,11/22/2021,FALSE,56.8,FALSE
1007143,MPM Investments III dba Hunters Furniture,RETAIL,SINGLE_LOCATION,6586.0,5137.0,15,13,MID_REVENUE,MID_POTENTIAL,Group 2 Medium Potential,9/19/2019,FALSE,67.7,FALSE
1023492,Design In House,RETAIL,SINGLE_LOCATION,22175.5,5051.85,24,6,MID_REVENUE,MID_POTENTIAL,Group 2 Medium Potential,2/8/2023,FALSE,67.5,FALSE
1018205,"An Inside Job Interior Design, LLC",DESIGN,DESIGN_FIRM,2674.3,5040.0,4,1,MID_REVENUE,MID_POTENTIAL,Group 2 Medium Potential,1/25/2021,FALSE,65.5,FALSE
1026836,Samantha Smith Designs,DESIGN,DESIGNER_INDEPENDENT,600.0,4900.0,1,5,MID_REVENUE,MID_POTENTIAL,Group 2 Medium Potential,4/14/2024,FALSE,65.5,FALSE
1012566,Landy Gardner Interiors,DESIGN,DESIGN_FIRM,10173.0,4726.0,7,2,MID_REVENUE,MID_POTENTIAL,Group 2 Medium Potential,4/9/2020,FALSE,52.1,FALSE
1019579,Featherlane Design Co. LLC,RETAIL,SINGLE_LOCATION,1820.0,4561.0,2,6,MID_REVENUE,HIGH_POTENTIAL,Group 2 High Potential,7/8/2021,FALSE,71.9,FALSE
1000980,Bliss Home (TN),RETAIL,SINGLE_LOCATION,6731.5,4550.0,13,10,MID_REVENUE,MID_POTENTIAL,Group 2 Medium Potential,11/13/2019,FALSE,54.4,FALSE
1008988,Elan Studio,DESIGN,DESIGN_FIRM,950.0,4391.0,1,6,MID_REVENUE,HIGH_POTENTIAL,Group 2 High Potential,2/5/2020,FALSE,75.8,FALSE
1002323,Richard-Renfro Designs,DESIGN,DESIGN_FIRM,10638.52,4209.5,5,2,MID_REVENUE,MID_POTENTIAL,Group 2 Medium Potential,3/11/2020,FALSE,48.7,FALSE
1005508,Shumake Furniture,RETAIL,SINGLE_LOCATION,4990.0,4203.0,12,10,MID_REVENUE,MID_POTENTIAL,Group 2 Medium Potential,2/14/2020,FALSE,64.5,FALSE
1027883,Hive Modern Home,RETAIL,SINGLE_LOCATION,2772.0,4100.93,4,13,MID_REVENUE,HIGH_POTENTIAL,Group 2 High Potential,8/4/2024,FALSE,77.3,FALSE
1036708,Brooke's On Main,RETAIL,SINGLE_LOCATION,0.0,4061.0,0,3,MID_REVENUE,HIGH_POTENTIAL,Group 2 High Potential,5/26/2025,TRUE,58.7,FALSE
1004685,Accents of the South,DESIGN,DESIGN_FIRM,3991.4,3937.0,5,5,MID_REVENUE,MID_POTENTIAL,Group 2 Medium Potential,12/5/2019,FALSE,69.4,FALSE
1003329,"Workshop 31 Twelve, LLC",DESIGN,DESIGN_FIRM,12988.0,3802.0,4,4,MID_REVENUE,MID_POTENTIAL,Group 2 Medium Potential,2/6/2020,FALSE,45.4,FALSE
1000792,"Emery's Custom Designs, LLC",DESIGN,DESIGN_FIRM,5487.1,3794.03,8,6,MID_REVENUE,MID_POTENTIAL,Group 2 Medium Potential,2/10/2020,FALSE,63.5,FALSE
1011794,The Design Studio (LA),DESIGN,DESIGN_FIRM,3306.0,3784.5,2,2,MID_REVENUE,MID_POTENTIAL,Group 2 Medium Potential,2/10/2020,FALSE,46.3,FALSE
1020672,Circa Interiors & Antiques,RETAIL,SINGLE_LOCATION,22431.64,3724.0,5,2,MID_REVENUE,MID_POTENTIAL,Group 2 Medium Potential,11/10/2021,FALSE,50.2,FALSE
1005519,"Bolgiano Custom Interiors, LLC",DESIGN,DESIGN_FIRM,4418.0,3651.0,5,10,MID_REVENUE,HIGH_POTENTIAL,Group 2 High Potential,1/9/2020,FALSE,71.5,FALSE
1011388,Lauren Bradshaw Design,DESIGN,DESIGNER_INDEPENDENT,7479.0,3566.0,8,4,MID_REVENUE,MID_POTENTIAL,Group 2 Medium Potential,6/12/2020,FALSE,53.7,FALSE
1012070,Laura Lee Interiors,DESIGN,DESIGNER_INDEPENDENT,0.0,3532.0,0,1,MID_REVENUE,MID_POTENTIAL,Group 2 Medium Potential,2/18/2020,FALSE,44.5,FALSE
1003677,Luna Beach Interiors,RETAIL,SINGLE_LOCATION,14429.5,3468.0,30,10,MID_REVENUE,MID_POTENTIAL,Group 2 Medium Potential,1/24/2020,FALSE,54.3,FALSE
1016173,Gallery Space dba Design Supply,RETAIL,SINGLE_LOCATION,61.0,3444.0,1,1,MID_REVENUE,MID_POTENTIAL,Group 2 Medium Potential,5/5/2020,FALSE,61.4,FALSE
1007612,Darby's Furniture,RETAIL,SINGLE_LOCATION,2097.5,3285.0,2,2,MID_REVENUE,MID_POTENTIAL,Group 2 Medium Potential,3/4/2020,FALSE,60.8,FALSE
1011671,Laura Greene Interiors,DESIGN,DESIGNER_INDEPENDENT,2025.0,3271.5,2,1,MID_REVENUE,MID_POTENTIAL,Group 2 Medium Potential,4/25/2022,FALSE,44.2,FALSE
1027011,Maggie Clarke Interiors,DESIGN,DESIGNER_INDEPENDENT,6035.0,3242.0,1,1,MID_REVENUE,LOW_POTENTIAL,Group 2 Low Potential,4/19/2024,FALSE,36.5,FALSE
1017107,danshire market and design,RETAIL,SINGLE_LOCATION,4946.75,3154.0,2,3,MID_REVENUE,MID_POTENTIAL,Group 2 Medium Potential,1/11/2021,FALSE,48.1,FALSE
1024176,CULOTTA SAAB DESIGN,DESIGN,DESIGN_FIRM,18587.1,3079.0,11,3,MID_REVENUE,LOW_POTENTIAL,Group 2 Low Potential,4/3/2023,FALSE,39.6,FALSE
1025013,"JackDavis, LLC",DESIGN,DESIGN_FIRM,4559.0,2972.0,6,2,MID_REVENUE,MID_POTENTIAL,Group 2 Medium Potential,8/1/2023,FALSE,44.3,FALSE
1005178,Nell's,RETAIL,SINGLE_LOCATION,12210.0,2873.0,3,4,MID_REVENUE,MID_POTENTIAL,Group 2 Medium Potential,7/28/2022,FALSE,41.0,FALSE
1002709,Cindy Meador Interiors,DESIGN,DESIGN_FIRM,5985.0,2832.0,9,6,MID_REVENUE,MID_POTENTIAL,Group 2 Medium Potential,1/21/2020,FALSE,56.5,FALSE
1025729,TK Interior Design & Decor,DESIGN,DESIGN_FIRM,1180.0,2770.6,2,5,MID_REVENUE,MID_POTENTIAL,Group 2 Medium Potential,11/1/2023,FALSE,63.1,FALSE
1018664,Summer Classics - Charlotte 304,RETAIL,MULTIPLE_LOCATIONS,10772.0,2763.0,8,1,MID_REVENUE,MID_POTENTIAL,Group 2 Medium Potential,5/6/2021,FALSE,46.6,FALSE
1008196,Ingenuity,RETAIL,SINGLE_LOCATION,1195.0,2749.75,1,5,MID_REVENUE,MID_POTENTIAL,Group 2 Medium Potential,12/10/2020,FALSE,51.9,FALSE
1012562,B Barganier Interiors,DESIGN,DESIGN_FIRM,2927.8,2735.0,6,3,MID_REVENUE,MID_POTENTIAL,Group 2 Medium Potential,1/20/2020,FALSE,61.7,FALSE
1037346,Hathaway Atelier LLC,DESIGN,DESIGN_FIRM,0.0,2595.0,0,3,MID_REVENUE,HIGH_POTENTIAL,Group 2 High Potential,7/16/2025,TRUE,51.3,FALSE
,,,,,,,,,,,,,,
================================================================================,,,,,,,,,,,,,,
GROUP 3 (LOW REVENUE) - KEEPING: 56 accounts | 32206.75 revenue,,,,,,,,,,,,,,
(Non-DESIGN accounts or New 2025 customers - protected from floor),,,,,,,,,,,,,,
================================================================================,,,,,,,,,,,,,,
Account_ID,Account_Name,Segment,Sub_Segment,Total_Rev_2024,Total_Rev_2025,Orders_2024,Orders_2025,Revenue_Tier,Potential_Tier,Segment_Label,Customer_Since_Date,Is_New_2025,Composite_Score,Floor_Removed
1000916,Woodstock Furniture,RETAIL,MULTIPLE_LOCATIONS,6915.2,2460.0,8,4,LOW_REVENUE,MID_POTENTIAL,Group 3 Medium Potential,2/10/2020,FALSE,55.0,FALSE
1003465,"Artvark Ltd, LLC",RETAIL,SINGLE_LOCATION,8191.5,2191.8,12,6,LOW_REVENUE,MID_POTENTIAL,Group 3 Medium Potential,4/22/2020,FALSE,54.4,FALSE
1020161,Legacy new homes llc,RETAIL,SINGLE_LOCATION,15787.35,1960.0,6,3,LOW_REVENUE,MID_POTENTIAL,Group 3 Medium Potential,9/29/2021,FALSE,40.8,FALSE
1008250,Dorm Decor,RETAIL,SINGLE_LOCATION,9641.0,1884.7,21,10,LOW_REVENUE,MID_POTENTIAL,Group 3 Medium Potential,1/30/2020,FALSE,64.6,FALSE
1017539,Designer's Warehouse,RETAIL,MULTIPLE_LOCATIONS,1312.0,1870.0,2,4,LOW_REVENUE,HIGH_POTENTIAL,Group 3 High Potential,10/16/2020,FALSE,72.9,FALSE
1035957,C&C Design Co.,RETAIL,SINGLE_LOCATION,0.0,1858.0,0,1,LOW_REVENUE,HIGH_POTENTIAL,Group 3 High Potential,2/12/2025,TRUE,44.0,FALSE
1026981,Binkley Nash Furniture & Design,RETAIL,SINGLE_LOCATION,1500.0,1815.0,1,1,LOW_REVENUE,MID_POTENTIAL,Group 3 Medium Potential,4/29/2024,FALSE,48.5,FALSE
1026702,Birch House Design,RETAIL,SINGLE_LOCATION,2880.0,1765.0,2,2,LOW_REVENUE,MID_POTENTIAL,Group 3 Medium Potential,9/6/2024,FALSE,60.7,FALSE
1007605,The Mill: Design + Home,RETAIL,SINGLE_LOCATION,1078.0,1578.0,1,1,LOW_REVENUE,MID_POTENTIAL,Group 3 Medium Potential,2/21/2020,FALSE,52.9,FALSE
1018985,CLN GROUP LLC DBA FURNISH,RETAIL,SINGLE_LOCATION,4957.5,1484.0,12,4,LOW_REVENUE,MID_POTENTIAL,Group 3 Medium Potential,4/3/2021,FALSE,54.1,FALSE
1018663,Summer Classics - Raleigh 305,RETAIL,MULTIPLE_LOCATIONS,11963.0,1235.0,10,2,LOW_REVENUE,MID_POTENTIAL,Group 3 Medium Potential,3/2/2021,FALSE,42.8,FALSE
1021212,House of Seven Design,RETAIL,SINGLE_LOCATION,7674.0,1120.0,8,4,LOW_REVENUE,MID_POTENTIAL,Group 3 Medium Potential,4/4/2022,FALSE,46.7,FALSE
1013977,Keleigh Cleveland Interiors LLC,RETAIL,SINGLE_LOCATION,5640.0,1021.0,11,4,LOW_REVENUE,MID_POTENTIAL,Group 3 Medium Potential,10/18/2019,FALSE,46.5,FALSE
1000036,Anderson's Rug Market,RETAIL,SINGLE_LOCATION,1200.5,997.5,3,2,LOW_REVENUE,MID_POTENTIAL,Group 3 Medium Potential,4/27/2020,FALSE,48.4,FALSE
1018672,Summer Classics - Chestnut Hill 312,RETAIL,SINGLE_LOCATION,7575.0,940.0,6,2,LOW_REVENUE,MID_POTENTIAL,Group 3 Medium Potential,4/28/2021,FALSE,54.5,FALSE
1015878,Farmhouse - MS,RETAIL,SINGLE_LOCATION,4045.0,861.0,3,4,LOW_REVENUE,MID_POTENTIAL,Group 3 Medium Potential,4/30/2020,FALSE,51.6,FALSE
1008884,G and G Interiors,RETAIL,SINGLE_LOCATION,2870.0,840.5,1,2,LOW_REVENUE,MID_POTENTIAL,Group 3 Medium Potential,2/21/2020,FALSE,50.3,FALSE
1024376,Buy Floors Direct,RETAIL,MULTIPLE_LOCATIONS,0.0,821.0,0,1,LOW_REVENUE,MID_POTENTIAL,Group 3 Medium Potential,5/2/2023,FALSE,48.8,FALSE
1018496,Alexander's Carpet & Flooring,RETAIL,SINGLE_LOCATION,7263.95,789.0,4,3,LOW_REVENUE,MID_POTENTIAL,Group 3 Medium Potential,2/3/2021,FALSE,42.6,FALSE
1035207,Modern Flooring and Interiors,RETAIL,SINGLE_LOCATION,0.0,686.0,0,1,LOW_REVENUE,HIGH_POTENTIAL,Group 3 High Potential,6/11/2025,TRUE,42.1,FALSE
1005267,McCurry Furniture Company,RETAIL,SINGLE_LOCATION,2506.5,624.75,2,2,LOW_REVENUE,LOW_POTENTIAL,Group 3 Low Potential,10/21/2019,FALSE,34.6,FALSE
1017428,Home by Ashley culotta,RETAIL,SINGLE_LOCATION,14775.5,580.0,9,1,LOW_REVENUE,MID_POTENTIAL,Group 3 Medium Potential,10/18/2021,FALSE,44.7,FALSE
1027892,BFD-HSV INC. DBA Bassett Furniture,RETAIL,SINGLE_LOCATION,628.0,542.0,2,4,LOW_REVENUE,MID_POTENTIAL,Group 3 Medium Potential,8/2/2024,FALSE,43.4,FALSE
1015740,Five Gold Monkeys,RETAIL,SINGLE_LOCATION,7414.0,462.0,3,1,LOW_REVENUE,MID_POTENTIAL,Group 3 Medium Potential,3/13/2020,FALSE,46.5,FALSE
1023681,"Ashley Furniture Industries, Inc.",RETAIL,MULTIPLE_LOCATIONS,8756.0,461.0,5,2,LOW_REVENUE,LOW_POTENTIAL,Group 3 Low Potential,2/14/2023,FALSE,33.0,FALSE
1008150,Town and Country Furniture,RETAIL,SINGLE_LOCATION,1860.0,380.0,4,1,LOW_REVENUE,LOW_POTENTIAL,Group 3 Low Potential,7/20/2020,FALSE,32.1,FALSE
1001729,Heritage House Interiors,RETAIL,SINGLE_LOCATION,87.0,292.4,1,2,LOW_REVENUE,MID_POTENTIAL,Group 3 Medium Potential,11/13/2019,FALSE,55.6,FALSE
1004996,KP Interiors dba Chameleon Fabrics and Interiors,RETAIL,SINGLE_LOCATION,160.0,265.0,3,0,LOW_REVENUE,MID_POTENTIAL,Group 3 Medium Potential,3/13/2020,FALSE,42.1,FALSE
1018665,Summer Classics - Atlanta - 303,RETAIL,SINGLE_LOCATION,13572.0,167.0,11,2,LOW_REVENUE,MID_POTENTIAL,Group 3 Medium Potential,6/3/2022,FALSE,47.2,FALSE
1018692,Summer Classics - Pelham 302,RETAIL,MULTIPLE_LOCATIONS,3334.0,150.0,2,1,LOW_REVENUE,LOW_POTENTIAL,Group 3 Low Potential,3/3/2021,FALSE,31.9,FALSE
1024255,Summer Classics - 315,RETAIL,SINGLE_LOCATION,7275.0,105.0,5,1,LOW_REVENUE,LOW_POTENTIAL,Group 3 Low Potential,4/17/2023,FALSE,32.6,FALSE
1036420,Le Studio LLC,DESIGN,DESIGN_FIRM,0.0,74.0,0,2,LOW_REVENUE,HIGH_POTENTIAL,Group 3 High Potential,7/28/2025,TRUE,48.0,FALSE
1008238,The Interior Market,RETAIL,SINGLE_LOCATION,550.0,74.0,1,1,LOW_REVENUE,MID_POTENTIAL,Group 3 Medium Potential,2/3/2020,FALSE,41.1,FALSE
1000696,Willis Furniture,RETAIL,SINGLE_LOCATION,700.0,0.0,1,0,LOW_REVENUE,LOW_POTENTIAL,Group 3 Low Potential,11/5/2020,FALSE,0.0,FALSE
1012638,Millennium Home Furnishings,RETAIL,SINGLE_LOCATION,475.0,0.0,1,0,LOW_REVENUE,LOW_POTENTIAL,Group 3 Low Potential,1/13/2020,FALSE,0.0,FALSE
1012184,Carpet Den Interiors,RETAIL,SINGLE_LOCATION,636.6,0.0,1,0,LOW_REVENUE,LOW_POTENTIAL,Group 3 Low Potential,12/1/2020,FALSE,0.0,FALSE
1008910,Impulse Interiors,RETAIL,SINGLE_LOCATION,0.0,0.0,0,0,LOW_REVENUE,LOW_POTENTIAL,Group 3 Low Potential,9/13/2021,FALSE,0.0,FALSE
1008312,Mint Home,RETAIL,SINGLE_LOCATION,755.0,0.0,1,0,LOW_REVENUE,LOW_POTENTIAL,Group 3 Low Potential,3/25/2020,FALSE,0.0,FALSE
1009470,LD Linens and Decor,RETAIL,SINGLE_LOCATION,0.0,0.0,0,0,LOW_REVENUE,LOW_POTENTIAL,Group 3 Low Potential,3/12/2020,FALSE,0.0,FALSE
1007213,Urban Home Market,RETAIL,SINGLE_LOCATION,945.0,0.0,1,0,LOW_REVENUE,LOW_POTENTIAL,Group 3 Low Potential,5/17/2020,FALSE,0.0,FALSE
1020223,Monica Waechter Design LLC,RETAIL,SINGLE_LOCATION,0.0,0.0,0,0,LOW_REVENUE,LOW_POTENTIAL,Group 3 Low Potential,12/14/2022,FALSE,0.0,FALSE
1017054,Renfrow Decorative Center,RETAIL,SINGLE_LOCATION,11965.0,0.0,5,0,LOW_REVENUE,LOW_POTENTIAL,Group 3 Low Potential,8/17/2020,FALSE,0.0,FALSE
1017528,Comeaux Furniture Appliance And Mattress,RETAIL,MULTIPLE_LOCATIONS,0.0,0.0,0,0,LOW_REVENUE,LOW_POTENTIAL,Group 3 Low Potential,10/5/2020,FALSE,0.0,FALSE
1018240,The Rug Shop,RETAIL,SINGLE_LOCATION,0.0,0.0,0,0,LOW_REVENUE,LOW_POTENTIAL,Group 3 Low Potential,1/6/2021,FALSE,0.0,FALSE
1018553,SC Richmond,RETAIL,SINGLE_LOCATION,0.0,0.0,0,0,LOW_REVENUE,LOW_POTENTIAL,Group 3 Low Potential,2/19/2021,FALSE,0.0,FALSE
1018660,Summer Classics - Winter Park 311,RETAIL,SINGLE_LOCATION,10135.0,0.0,6,0,LOW_REVENUE,LOW_POTENTIAL,Group 3 Low Potential,12/15/2020,FALSE,0.0,FALSE
1018661,Summer Classics - Jacksonville 310,RETAIL,SINGLE_LOCATION,8405.0,0.0,6,0,LOW_REVENUE,LOW_POTENTIAL,Group 3 Low Potential,8/12/2021,FALSE,0.0,FALSE
1018662,Summer Classics - San Antonio 308,RETAIL,SINGLE_LOCATION,9125.0,0.0,8,0,LOW_REVENUE,LOW_POTENTIAL,Group 3 Low Potential,3/28/2022,FALSE,0.0,FALSE
1035810,Mary McBride Interiors,DESIGN,DESIGN_FIRM,0.0,0.0,0,0,LOW_REVENUE,HIGH_POTENTIAL,Group 3 High Potential,1/27/2025,TRUE,19.1,FALSE
1019190,Summer Classics home - Austin,RETAIL,SINGLE_LOCATION,9430.0,0.0,7,0,LOW_REVENUE,LOW_POTENTIAL,Group 3 Low Potential,8/20/2021,FALSE,0.0,FALSE
1024667,Howard & Marsh Exchange,RETAIL,SINGLE_LOCATION,12617.8,0.0,5,0,LOW_REVENUE,LOW_POTENTIAL,Group 3 Low Potential,9/26/2023,FALSE,0.0,FALSE
1024361,Tracy Norton Interiors,RETAIL,SINGLE_LOCATION,4310.8,0.0,3,0,LOW_REVENUE,LOW_POTENTIAL,Group 3 Low Potential,4/26/2023,FALSE,0.0,FALSE
1036933,"MILIEU ""A Curated Interior Atelier""",RETAIL,SINGLE_LOCATION,0.0,0.0,0,0,LOW_REVENUE,HIGH_POTENTIAL,Group 3 High Potential,5/10/2025,TRUE,23.3,FALSE
1027475,Rosegate Design,RETAIL,SINGLE_LOCATION,3800.0,0.0,1,0,LOW_REVENUE,LOW_POTENTIAL,Group 3 Low Potential,6/5/2024,FALSE,0.0,FALSE
1024997,Dane Designs,RETAIL,SINGLE_LOCATION,0.0,0.0,0,1,LOW_REVENUE,LOW_POTENTIAL,Group 3 Low Potential,,FALSE,0.0,FALSE
1015126,SS Angie G Robison,INTERNAL,SALES_REP,0.0,-147.9,6,1,LOW_REVENUE,LOW_POTENTIAL,Group 3 Low Potential,1/7/2020,FALSE,0.0,FALSE
,,,,,,,,,,,,,,
================================================================================,,,,,,,,,,,,,,
GROUP 3 (LOW REVENUE) - LOSING (FLOOR REMOVED): 22 accounts | 15119.90 revenue,,,,,,,,,,,,,,
(DESIGN segment + Not new in 2025),,,,,,,,,,,,,,
================================================================================,,,,,,,,,,,,,,
Account_ID,Account_Name,Segment,Sub_Segment,Total_Rev_2024,Total_Rev_2025,Orders_2024,Orders_2025,Revenue_Tier,Potential_Tier,Segment_Label,Customer_Since_Date,Is_New_2025,Composite_Score,Floor_Removed
1013717,Danielle Andre Designs,DESIGN,DESIGNER_INDEPENDENT,3536.25,2380.0,8,3,LOW_REVENUE,MID_POTENTIAL,Group 3 Medium Potential,4/8/2020,FALSE,60.7,TRUE
1003269,Linsi L Cenac Interiors,DESIGN,DESIGNER_INDEPENDENT,3610.0,2202.0,4,6,LOW_REVENUE,MID_POTENTIAL,Group 3 Medium Potential,10/13/2019,FALSE,46.3,TRUE
1016370,Home with Hechart,DESIGN,DESIGN_FIRM,7515.0,2175.0,11,2,LOW_REVENUE,MID_POTENTIAL,Group 3 Medium Potential,6/2/2020,FALSE,43.5,TRUE
1027046,Debarti Design,DESIGN,DESIGNER_INDEPENDENT,220.0,2065.1,2,2,LOW_REVENUE,MID_POTENTIAL,Group 3 Medium Potential,8/21/2024,FALSE,48.1,TRUE
1016601,kitchen and lifestyle designs. llc,DESIGN,DESIGNER_INDEPENDENT,4425.41,1724.0,6,1,LOW_REVENUE,MID_POTENTIAL,Group 3 Medium Potential,8/7/2020,FALSE,49.7,TRUE
1024265,RACHEL BRANCH INTERIORS,DESIGN,DESIGN_FIRM,2292.0,1560.0,2,5,LOW_REVENUE,MID_POTENTIAL,Group 3 Medium Potential,4/21/2023,FALSE,44.7,TRUE
1013116,"Carmen Hill Eberts Interiors, LLC",DESIGN,DESIGN_FIRM,2020.0,1522.8,1,2,LOW_REVENUE,MID_POTENTIAL,Group 3 Medium Potential,1/27/2020,FALSE,54.3,TRUE
1009244,Sandy Kozar - Decorating Den Int,DESIGN,DESIGNER_INDEPENDENT,553.0,1132.0,1,2,LOW_REVENUE,MID_POTENTIAL,Group 3 Medium Potential,9/2/2020,FALSE,65.5,TRUE
1015477,Maria Barcelona Interiors,DESIGN,DESIGN_FIRM,10270.0,615.0,6,1,LOW_REVENUE,LOW_POTENTIAL,Group 3 Low Potential,2/13/2020,FALSE,39.0,TRUE
1019121,Stephanie Wallace & Associates,DESIGN,DESIGNER_INDEPENDENT,1816.0,239.0,2,1,LOW_REVENUE,LOW_POTENTIAL,Group 3 Low Potential,4/20/2021,FALSE,35.3,TRUE
1015263,Parkes & Lamb Interiors,DESIGN,DESIGN_FIRM,6047.06,25.0,0,0,LOW_REVENUE,LOW_POTENTIAL,Group 3 Low Potential,2/13/2020,FALSE,24.2,TRUE
1012973,Six Hills Homes,DESIGN,DESIGNER_INDEPENDENT,1523.0,25.0,4,0,LOW_REVENUE,MID_POTENTIAL,Group 3 Medium Potential,4/18/2021,FALSE,40.6,TRUE
1004524,Baylor Bone Interiors,DESIGN,DESIGN_FIRM,0.0,0.0,0,0,LOW_REVENUE,LOW_POTENTIAL,Group 3 Low Potential,1/6/2020,FALSE,0.0,TRUE
1008630,"Ashley Meier Design, LLC",DESIGN,DESIGNER_INDEPENDENT,4405.0,0.0,2,0,LOW_REVENUE,LOW_POTENTIAL,Group 3 Low Potential,12/12/2019,FALSE,0.0,TRUE
1006632,Elizabeth Malmo Interior Design,DESIGN,DESIGNER_INDEPENDENT,1178.0,0.0,1,0,LOW_REVENUE,LOW_POTENTIAL,Group 3 Low Potential,2/18/2020,FALSE,0.0,TRUE
1016688,Melanie Bryant Interiors,DESIGN,DESIGN_FIRM,9597.0,0.0,4,0,LOW_REVENUE,LOW_POTENTIAL,Group 3 Low Potential,7/7/2020,FALSE,0.0,TRUE
1018295,Ashley Gilbreath Interior Design,DESIGN,DESIGN_FIRM,0.0,0.0,0,0,LOW_REVENUE,LOW_POTENTIAL,Group 3 Low Potential,4/2/2021,FALSE,0.0,TRUE
1023264,Lita Belcher Interior Design,DESIGN,DESIGN_FIRM,29645.2,0.0,5,0,LOW_REVENUE,LOW_POTENTIAL,Group 3 Low Potential,2/22/2023,FALSE,0.0,TRUE
1026156,HAUS DESIGN,DESIGN,DESIGN_FIRM,1455.0,0.0,2,0,LOW_REVENUE,LOW_POTENTIAL,Group 3 Low Potential,1/19/2024,FALSE,0.0,TRUE
1023840,"LISAMBIANCE DESIGN, LLC",DESIGN,DESIGN_FIRM,7511.7,0.0,6,0,LOW_REVENUE,LOW_POTENTIAL,Group 3 Low Potential,2/24/2023,FALSE,0.0,TRUE
1027839,Verdigris Home and Design LLC,DESIGN,DESIGN_FIRM,266.0,0.0,1,0,LOW_REVENUE,LOW_POTENTIAL,Group 3 Low Potential,8/12/2024,FALSE,0.0,TRUE
1018640,L. Allison Interior Design,DESIGN,DESIGNER_INDEPENDENT,14804.0,-545.0,8,3,LOW_REVENUE,LOW_POTENTIAL,Group 3 Low Potential,8/9/2021,FALSE,0.0,TRUE
,,,,,,,,,,,,,,
================================================================================,,,,,,,,,,,,,,
ZERO REVENUE ACCOUNTS: 31 total | 22 keeping | 9 removed,,,,,,,,,,,,,,
================================================================================,,,,,,,,,,,,,,
Account_ID,Account_Name,Segment,Sub_Segment,Total_Rev_2024,Total_Rev_2025,Orders_2024,Orders_2025,Revenue_Tier,Potential_Tier,Segment_Label,Customer_Since_Date,Is_New_2025,Composite_Score,Floor_Removed
1035810,Mary McBride Interiors,DESIGN,DESIGN_FIRM,0.0,0.0,0,0,LOW_REVENUE,HIGH_POTENTIAL,Group 3 High Potential,1/27/2025,TRUE,19.1,FALSE
1036933,"MILIEU ""A Curated Interior Atelier""",RETAIL,SINGLE_LOCATION,0.0,0.0,0,0,LOW_REVENUE,HIGH_POTENTIAL,Group 3 High Potential,5/10/2025,TRUE,23.3,FALSE
1000696,Willis Furniture,RETAIL,SINGLE_LOCATION,700.0,0.0,1,0,LOW_REVENUE,LOW_POTENTIAL,Group 3 Low Potential,11/5/2020,FALSE,0.0,FALSE
1007213,Urban Home Market,RETAIL,SINGLE_LOCATION,945.0,0.0,1,0,LOW_REVENUE,LOW_POTENTIAL,Group 3 Low Potential,5/17/2020,FALSE,0.0,FALSE
1008312,Mint Home,RETAIL,SINGLE_LOCATION,755.0,0.0,1,0,LOW_REVENUE,LOW_POTENTIAL,Group 3 Low Potential,3/25/2020,FALSE,0.0,FALSE
1008910,Impulse Interiors,RETAIL,SINGLE_LOCATION,0.0,0.0,0,0,LOW_REVENUE,LOW_POTENTIAL,Group 3 Low Potential,9/13/2021,FALSE,0.0,FALSE
1009470,LD Linens and Decor,RETAIL,SINGLE_LOCATION,0.0,0.0,0,0,LOW_REVENUE,LOW_POTENTIAL,Group 3 Low Potential,3/12/2020,FALSE,0.0,FALSE
1012184,Carpet Den Interiors,RETAIL,SINGLE_LOCATION,636.6,0.0,1,0,LOW_REVENUE,LOW_POTENTIAL,Group 3 Low Potential,12/1/2020,FALSE,0.0,FALSE
1012638,Millennium Home Furnishings,RETAIL,SINGLE_LOCATION,475.0,0.0,1,0,LOW_REVENUE,LOW_POTENTIAL,Group 3 Low Potential,1/13/2020,FALSE,0.0,FALSE
1017054,Renfrow Decorative Center,RETAIL,SINGLE_LOCATION,11965.0,0.0,5,0,LOW_REVENUE,LOW_POTENTIAL,Group 3 Low Potential,8/17/2020,FALSE,0.0,FALSE
1017528,Comeaux Furniture Appliance And Mattress,RETAIL,MULTIPLE_LOCATIONS,0.0,0.0,0,0,LOW_REVENUE,LOW_POTENTIAL,Group 3 Low Potential,10/5/2020,FALSE,0.0,FALSE
1018240,The Rug Shop,RETAIL,SINGLE_LOCATION,0.0,0.0,0,0,LOW_REVENUE,LOW_POTENTIAL,Group 3 Low Potential,1/6/2021,FALSE,0.0,FALSE
1018553,SC Richmond,RETAIL,SINGLE_LOCATION,0.0,0.0,0,0,LOW_REVENUE,LOW_POTENTIAL,Group 3 Low Potential,2/19/2021,FALSE,0.0,FALSE
1018660,Summer Classics - Winter Park 311,RETAIL,SINGLE_LOCATION,10135.0,0.0,6,0,LOW_REVENUE,LOW_POTENTIAL,Group 3 Low Potential,12/15/2020,FALSE,0.0,FALSE
1018661,Summer Classics - Jacksonville 310,RETAIL,SINGLE_LOCATION,8405.0,0.0,6,0,LOW_REVENUE,LOW_POTENTIAL,Group 3 Low Potential,8/12/2021,FALSE,0.0,FALSE
1018662,Summer Classics - San Antonio 308,RETAIL,SINGLE_LOCATION,9125.0,0.0,8,0,LOW_REVENUE,LOW_POTENTIAL,Group 3 Low Potential,3/28/2022,FALSE,0.0,FALSE
1019190,Summer Classics home - Austin,RETAIL,SINGLE_LOCATION,9430.0,0.0,7,0,LOW_REVENUE,LOW_POTENTIAL,Group 3 Low Potential,8/20/2021,FALSE,0.0,FALSE
1020223,Monica Waechter Design LLC,RETAIL,SINGLE_LOCATION,0.0,0.0,0,0,LOW_REVENUE,LOW_POTENTIAL,Group 3 Low Potential,12/14/2022,FALSE,0.0,FALSE
1024361,Tracy Norton Interiors,RETAIL,SINGLE_LOCATION,4310.8,0.0,3,0,LOW_REVENUE,LOW_POTENTIAL,Group 3 Low Potential,4/26/2023,FALSE,0.0,FALSE
1024667,Howard & Marsh Exchange,RETAIL,SINGLE_LOCATION,12617.8,0.0,5,0,LOW_REVENUE,LOW_POTENTIAL,Group 3 Low Potential,9/26/2023,FALSE,0.0,FALSE
1027475,Rosegate Design,RETAIL,SINGLE_LOCATION,3800.0,0.0,1,0,LOW_REVENUE,LOW_POTENTIAL,Group 3 Low Potential,6/5/2024,FALSE,0.0,FALSE
1024997,Dane Designs,RETAIL,SINGLE_LOCATION,0.0,0.0,0,1,LOW_REVENUE,LOW_POTENTIAL,Group 3 Low Potential,,FALSE,0.0,FALSE
1004524,Baylor Bone Interiors,DESIGN,DESIGN_FIRM,0.0,0.0,0,0,LOW_REVENUE,LOW_POTENTIAL,Group 3 Low Potential,1/6/2020,FALSE,0.0,TRUE
1006632,Elizabeth Malmo Interior Design,DESIGN,DESIGNER_INDEPENDENT,1178.0,0.0,1,0,LOW_REVENUE,LOW_POTENTIAL,Group 3 Low Potential,2/18/2020,FALSE,0.0,TRUE
1008630,"Ashley Meier Design, LLC",DESIGN,DESIGNER_INDEPENDENT,4405.0,0.0,2,0,LOW_REVENUE,LOW_POTENTIAL,Group 3 Low Potential,12/12/2019,FALSE,0.0,TRUE
1016688,Melanie Bryant Interiors,DESIGN,DESIGN_FIRM,9597.0,0.0,4,0,LOW_REVENUE,LOW_POTENTIAL,Group 3 Low Potential,7/7/2020,FALSE,0.0,TRUE
1018295,Ashley Gilbreath Interior Design,DESIGN,DESIGN_FIRM,0.0,0.0,0,0,LOW_REVENUE,LOW_POTENTIAL,Group 3 Low Potential,4/2/2021,FALSE,0.0,TRUE
1023264,Lita Belcher Interior Design,DESIGN,DESIGN_FIRM,29645.2,0.0,5,0,LOW_REVENUE,LOW_POTENTIAL,Group 3 Low Potential,2/22/2023,FALSE,0.0,TRUE
1023840,"LISAMBIANCE DESIGN, LLC",DESIGN,DESIGN_FIRM,7511.7,0.0,6,0,LOW_REVENUE,LOW_POTENTIAL,Group 3 Low Potential,2/24/2023,FALSE,0.0,TRUE
1026156,HAUS DESIGN,DESIGN,DESIGN_FIRM,1455.0,0.0,2,0,LOW_REVENUE,LOW_POTENTIAL,Group 3 Low Potential,1/19/2024,FALSE,0.0,TRUE
1027839,Verdigris Home and Design LLC,DESIGN,DESIGN_FIRM,266.0,0.0,1,0,LOW_REVENUE,LOW_POTENTIAL,Group 3 Low Potential,8/12/2024,FALSE,0.0,TRUE
,,,,,,,,,,,,,,
