Rep Detail Report V2: Vandana Kaku,,,,,,,,,,,,,,,
Generated: 2025-12-21 18:25:48,,,,,,,,,,,,,,,
,,,,,,,,,,,,,,,
================================================================================,,,,,,,,,,,,,,,
SUMMARY METRICS,,,,,,,,,,,,,,,
================================================================================,,,,,,,,,,,,,,,
Before_Accounts,Before_SF_Ex_BI,Before_Rev_2024,Before_Rev_2025,Accounts_Moved_In,Accounts_Moved_Out,Net_Account_Change,Account_Change_Pct,Rev_Moved_In,Rev_Moved_Out,Net_Rev_Change,Revenue_Change_Pct,After_Accounts,After_Rev_2025,Floor_Exception_Accounts,Floor_Exception_Rev,SF_Ex_BI_Accounts,Zero_Rev_Accounts,Zero_Rev_New_2025
702,63,2312696.59,2035345.12,218,681,-463,-65.95,1497520.35,1677862.23,-180341.88,-8.86,239,1855003.24,0,0.0,0,45,20
,,,,,,,,,,,,,,,
,,,,,,,,,,,,,,,
================================================================================,,,,,,,,,,,,,,,
BREAKDOWN BY SEGMENT,,,,,,,,,,,,,,,
================================================================================,,,,,,,,,,,,,,,
,Accounts,Revenue,Exceptions,Removed,,,,,,,,,,
Group 2 Medium Potential: ,99,623956.76,0,0,,,,,,,,,,
Group 1 High Potential: ,13,608400.24,0,0,,,,,,,,,,
Group 2 High Potential: ,44,318279.15,0,0,,,,,,,,,,
Group 1 Medium Potential: ,9,262860.79,0,0,,,,,,,,,,
Group 3 High Potential: ,37,16406.6,0,0,,,,,,,,,,
Group 2 Low Potential: ,2,15204.0,0,0,,,,,,,,,,
Group 3 Medium Potential: ,5,7511.0,0,0,,,,,,,,,,
Group 3 Low Potential: ,30,2384.7,0,1,,,,,,,,,,
Totals,239,1855003.24,0,0,,,,,,,,,,
,,,,,,,,,,,,,,,
================================================================================,,,,,,,,,,,,,,,
GROUP 1 (HIGH REVENUE) - KEEPING: 22 accounts | $871261.03 revenue,,,,,,,,,,,,,,,
================================================================================,,,,,,,,,,,,,,,
Customer No.,Account_Name,Segment,Sub_Segment,Segment_Label,Assigned_Rep_Name,Final_Rep_Name,Total_Rev_2024,Total_Rev_2025,Orders_2024,Orders_2025,Is_New_2025,BTF,Floor_Exception,Floor_Removed,In SF ex BI
1000248,Island Imports Dba Vineyard Decorators,RETAIL,SINGLE_LOCATION,Group 1 High Potential,Amanda Kistela,Vandana Kaku,111843.81,154584.73,65,59,FALSE,N,FALSE,FALSE,N
1016970,CB Home LLC,DESIGN,DESIGNER_INDEPENDENT,Group 1 High Potential,Vandana Kaku,Vandana Kaku,43259.2,93308.82,16,10,FALSE,N,FALSE,FALSE,N
1011466,MAK and Co.,DESIGN,DESIGN_FIRM,Group 1 High Potential,Amanda Kistela,Vandana Kaku,83275.13,66873.29,89,66,FALSE,N,FALSE,FALSE,N
1004791,Ileana Palacios Corp.,RETAIL,SINGLE_LOCATION,Group 1 Medium Potential,Vandana Kaku,Vandana Kaku,103854.0,64615.05,69,32,FALSE,N,FALSE,FALSE,N
1006681,The Beehive,RETAIL,SINGLE_LOCATION,Group 1 Medium Potential,Amanda Kistela,Vandana Kaku,66739.64,46962.85,20,15,FALSE,N,FALSE,FALSE,N
1013688,Gray Oak Studio,DESIGN,DESIGN_FIRM,Group 1 High Potential,Anna Hudspeth,Vandana Kaku,24213.3,45316.75,14,27,FALSE,N,FALSE,FALSE,N
1010454,Gina Baran Interiors + Design,DESIGN,DESIGN_FIRM,Group 1 High Potential,Amanda Kistela,Vandana Kaku,39055.19,39946.1,24,26,FALSE,N,FALSE,FALSE,N
1025821,Megan Healy Design,DESIGN,DESIGNER_INDEPENDENT,Group 1 High Potential,Hana Nassri,Vandana Kaku,451.0,32263.58,1,11,FALSE,N,FALSE,FALSE,N
1014736,"Attiko Casa, Inc",RETAIL,SINGLE_LOCATION,Group 1 High Potential,Vandana Kaku,Vandana Kaku,34925.0,31875.0,15,16,FALSE,N,FALSE,FALSE,N
1011146,Cecilia Casagrande Interiors,DESIGN,DESIGNER_INDEPENDENT,Group 1 Medium Potential,Amanda Kistela,Vandana Kaku,29081.4,29042.1,14,10,FALSE,N,FALSE,FALSE,N
1012500,Camden Grace LLC,DESIGN,DESIGNER_INDEPENDENT,Group 1 High Potential,Carrie Odendahl,Vandana Kaku,29408.0,28227.1,11,10,FALSE,N,FALSE,FALSE,N
1010257,Lulu Puras Interior Design,DESIGN,DESIGN_FIRM,Group 1 Medium Potential,Vandana Kaku,Vandana Kaku,34042.3,25445.32,26,19,FALSE,N,FALSE,FALSE,N
1035476,Abode VT,DESIGN,DESIGNER_INDEPENDENT,Group 1 High Potential,Kimberly Myers,Vandana Kaku,4988.6,24799.33,3,10,FALSE,N,FALSE,FALSE,N
1009380,Audrey Sterk Design,DESIGN,DESIGN_FIRM,Group 1 High Potential,Anna Hudspeth,Vandana Kaku,3755.31,24709.51,12,2,FALSE,N,FALSE,FALSE,N
1015614,Juliette Calaf Interiors,DESIGN,DESIGN_FIRM,Group 1 High Potential,Vandana Kaku,Vandana Kaku,59340.82,24347.4,18,14,FALSE,N,FALSE,FALSE,N
1006417,McKay's Furniture,RETAIL,SINGLE_LOCATION,Group 1 High Potential,Carrie Odendahl,Vandana Kaku,26397.0,23096.63,25,11,FALSE,N,FALSE,FALSE,N
1002721,Madison Furniture Barn,RETAIL,SINGLE_LOCATION,Group 1 Medium Potential,Anna Hudspeth,Vandana Kaku,43521.5,20596.0,52,31,FALSE,N,FALSE,FALSE,N
1010925,Interiors By Kate Gelfand,DESIGN,DESIGN_FIRM,Group 1 Medium Potential,Carrie Odendahl,Vandana Kaku,2579.0,19833.2,1,9,FALSE,N,FALSE,FALSE,N
1014810,Washashore Home,DESIGN,DESIGNER_INDEPENDENT,Group 1 Medium Potential,Vandana Kaku,Vandana Kaku,17243.5,19260.8,11,6,FALSE,N,FALSE,FALSE,N
1007146,Jess Cooney Interiors,DESIGN,DESIGN_FIRM,Group 1 High Potential,Anna Hudspeth,Vandana Kaku,15424.27,19052.0,14,15,FALSE,N,FALSE,FALSE,N
1035635,Carolyn Tower LLC,DESIGN,DESIGNER_INDEPENDENT,Group 1 Medium Potential,Madison Wolpe,Vandana Kaku,0.0,18731.47,0,7,FALSE,N,FALSE,FALSE,N
1009351,Susan Stacy Design,DESIGN,DESIGNER_INDEPENDENT,Group 1 Medium Potential,Vandana Kaku,Vandana Kaku,14834.0,18374.0,6,7,FALSE,N,FALSE,FALSE,N
,,,,,,,,,,,,,,,
================================================================================,,,,,,,,,,,,,,,
GROUP 2 (MID REVENUE) - KEEPING: 145 accounts | $957439.91 revenue,,,,,,,,,,,,,,,
================================================================================,,,,,,,,,,,,,,,
Customer No.,Account_Name,Segment,Sub_Segment,Segment_Label,Assigned_Rep_Name,Final_Rep_Name,Total_Rev_2024,Total_Rev_2025,Orders_2024,Orders_2025,Is_New_2025,BTF,Floor_Exception,Floor_Removed,In SF ex BI
1011461,Hilderbrand Interiors,DESIGN,DESIGN_FIRM,Group 2 Medium Potential,Anna Hudspeth,Vandana Kaku,17428.0,17340.0,3,6,FALSE,N,FALSE,FALSE,N
1021204,Didi Design Group,DESIGN,DESIGN_FIRM,Group 2 High Potential,Hana Nassri,Vandana Kaku,6363.0,16607.0,3,11,FALSE,N,FALSE,FALSE,N
1001787,Christopher's Home Furnishings,DESIGN,DESIGN_FIRM,Group 2 High Potential,Anna Hudspeth,Vandana Kaku,2412.0,16483.0,3,11,FALSE,N,FALSE,FALSE,N
1021446,Betsy Bassett Interiors,DESIGN,DESIGN_FIRM,Group 2 Medium Potential,Hana Nassri,Vandana Kaku,72540.93,15579.57,13,13,FALSE,N,FALSE,FALSE,N
1010913,Gallery 315 Home Furnishings,DESIGN,DESIGN_FIRM,Group 2 High Potential,Hana Nassri,Vandana Kaku,4176.0,15169.0,2,4,FALSE,N,FALSE,FALSE,N
1017582,Refining Spaces,DESIGN,DESIGN_FIRM,Group 2 Medium Potential,Kimberly Myers,Vandana Kaku,10067.5,14998.04,4,7,FALSE,N,FALSE,FALSE,N
1011046,Thread Art and Design,DESIGN,DESIGNER_INDEPENDENT,Group 2 High Potential,Hana Nassri,Vandana Kaku,3009.74,14900.0,3,7,FALSE,N,FALSE,FALSE,N
1012662,Nora Speer Design,DESIGN,DESIGNER_INDEPENDENT,Group 2 Medium Potential,Hana Nassri,Vandana Kaku,0.0,14863.0,0,5,FALSE,N,FALSE,FALSE,N
1017753,Studio MOS Interior Design,DESIGN,DESIGN_FIRM,Group 2 Medium Potential,Hana Nassri,Vandana Kaku,10174.19,14739.38,10,9,FALSE,N,FALSE,FALSE,N
1003605,Chariho Furniture,RETAIL,SINGLE_LOCATION,Group 2 High Potential,Carrie Odendahl,Vandana Kaku,4510.0,13894.5,5,11,FALSE,N,FALSE,FALSE,N
1011014,"Duquette and Company, Inc.",DESIGN,DESIGNER_INDEPENDENT,Group 2 Medium Potential,Vandana Kaku,Vandana Kaku,40906.32,13707.57,17,1,FALSE,N,FALSE,FALSE,N
1013384,Alisberg Parker Architects,DESIGN,ARCHITECT_BUILDER,Group 2 High Potential,Kimberly Myers,Vandana Kaku,14119.36,13583.3,8,4,FALSE,N,FALSE,FALSE,N
1019627,GERMAIN,DESIGN,DESIGN_FIRM,Group 2 Medium Potential,Hana Nassri,Vandana Kaku,0.0,13064.0,0,6,FALSE,N,FALSE,FALSE,N
1017300,Design by the Jonathans,DESIGN,DESIGN_FIRM,Group 2 High Potential,Anna Hudspeth,Vandana Kaku,6725.0,13019.0,6,8,FALSE,N,FALSE,FALSE,N
1002295,Viva Carpets,RETAIL,SINGLE_LOCATION,Group 2 Medium Potential,Vandana Kaku,Vandana Kaku,40535.5,12595.0,8,7,FALSE,N,FALSE,FALSE,N
1037596,"Christine Dahl Interior Design, LLC",DESIGN,DESIGNER_INDEPENDENT,Group 2 High Potential,Anna Hudspeth,Vandana Kaku,0.0,12183.81,0,2,TRUE,N,FALSE,FALSE,N
1025682,Workroom Design Studio,DESIGN,DESIGN_FIRM,Group 2 Medium Potential,Hana Nassri,Vandana Kaku,3601.0,12002.5,4,4,FALSE,N,FALSE,FALSE,N
1019382,Melissa Fisher HOME LLC,DESIGN,DESIGNER_INDEPENDENT,Group 2 Medium Potential,Hana Nassri,Vandana Kaku,9894.0,11990.0,6,5,FALSE,N,FALSE,FALSE,N
1022610,Vannie Paradis Design Studio,DESIGN,DESIGNER_INDEPENDENT,Group 2 Medium Potential,Anna Hudspeth,Vandana Kaku,330.0,11675.0,0,4,FALSE,N,FALSE,FALSE,N
1025208,Deborah Schmidt Design Studio,DESIGN,DESIGN_FIRM,Group 2 High Potential,Madison Wolpe,Vandana Kaku,0.0,11671.0,0,5,TRUE,N,FALSE,FALSE,N
1002481,Krone Furniture Corporation,RETAIL,SINGLE_LOCATION,Group 2 Medium Potential,Vandana Kaku,Vandana Kaku,33540.67,11623.43,23,8,FALSE,N,FALSE,FALSE,N
1005132,Welch Company,DESIGN,DESIGN_FIRM,Group 2 Medium Potential,Hana Nassri,Vandana Kaku,10289.33,11360.31,12,4,FALSE,N,FALSE,FALSE,N
1014223,Slate,RETAIL,SINGLE_LOCATION,Group 2 Medium Potential,Vandana Kaku,Vandana Kaku,13586.0,11200.0,8,16,FALSE,N,FALSE,FALSE,N
1018800,Becca Interiors,DESIGN,DESIGN_FIRM,Group 2 Low Potential,Carrie Odendahl,Vandana Kaku,13230.0,11088.0,2,0,FALSE,N,FALSE,FALSE,N
1015723,Naika Perez Studio,DESIGN,DESIGNER_INDEPENDENT,Group 2 Medium Potential,Vandana Kaku,Vandana Kaku,0.0,10887.0,0,3,FALSE,N,FALSE,FALSE,N
1019083,Addison West,RETAIL,SINGLE_LOCATION,Group 2 High Potential,Kimberly Myers,Vandana Kaku,0.0,10847.56,2,3,FALSE,N,FALSE,FALSE,N
1018398,Lawless Design,DESIGN,DESIGNER_INDEPENDENT,Group 2 Medium Potential,Hana Nassri,Vandana Kaku,4755.0,10548.0,3,5,FALSE,N,FALSE,FALSE,N
1005538,Sacris Design,DESIGN,DESIGN_FIRM,Group 2 Medium Potential,Hana Nassri,Vandana Kaku,10194.0,10530.0,2,4,FALSE,N,FALSE,FALSE,N
1010993,Lisa Scheff Designs,DESIGN,DESIGN_FIRM,Group 2 High Potential,Hana Nassri,Vandana Kaku,5259.69,10435.05,14,21,FALSE,N,FALSE,FALSE,N
1022062,Cottonstone Interiors,DESIGN,DESIGNER_INDEPENDENT,Group 2 Medium Potential,Carrie Odendahl,Vandana Kaku,4192.0,10255.0,4,2,FALSE,N,FALSE,FALSE,N
1001721,J. Seitz and Co,RETAIL,SINGLE_LOCATION,Group 2 Medium Potential,Carrie Odendahl,Vandana Kaku,7828.0,9261.0,12,6,FALSE,N,FALSE,FALSE,N
1021976,Carly Jane Design,DESIGN,DESIGN_FIRM,Group 2 High Potential,Hana Nassri,Vandana Kaku,3458.0,9073.0,1,6,FALSE,N,FALSE,FALSE,N
1018477,LCB Design dba Foundry House,DESIGN,DESIGN_FIRM,Group 2 Medium Potential,Kimberly Myers,Vandana Kaku,43689.67,8922.15,17,6,FALSE,N,FALSE,FALSE,N
1022009,Home Remedies,RETAIL,SINGLE_LOCATION,Group 2 Medium Potential,Carrie Odendahl,Vandana Kaku,9129.0,8806.0,8,7,FALSE,N,FALSE,FALSE,N
1026642,Heather Vaughan Design,DESIGN,DESIGN_FIRM,Group 2 Medium Potential,Hana Nassri,Vandana Kaku,9278.5,8623.0,7,6,FALSE,N,FALSE,FALSE,N
1017700,Cecilia Walker Design,DESIGN,DESIGNER_INDEPENDENT,Group 2 Medium Potential,Wesley Hood,Vandana Kaku,237.5,8395.0,1,2,FALSE,N,FALSE,FALSE,N
1006763,"Housewarmings, Inc. (CT)",RETAIL,SINGLE_LOCATION,Group 2 Medium Potential,Carrie Odendahl,Vandana Kaku,5130.8,8343.27,7,9,FALSE,N,FALSE,FALSE,N
1021554,Jessica Bell Designs,DESIGN,DESIGNER_INDEPENDENT,Group 2 Medium Potential,Carrie Odendahl,Vandana Kaku,25.0,8337.2,1,1,FALSE,N,FALSE,FALSE,N
1000241,K.Powers and Company,DESIGN,DESIGN_FIRM,Group 2 Medium Potential,Hana Nassri,Vandana Kaku,0.0,8091.0,0,1,FALSE,N,FALSE,FALSE,N
1018331,Balanced Interiors,DESIGN,DESIGNER_INDEPENDENT,Group 2 Medium Potential,Carrie Odendahl,Vandana Kaku,4587.5,7914.0,8,8,FALSE,N,FALSE,FALSE,N
1022397,Eleven Interiors,DESIGN,DESIGN_FIRM,Group 2 High Potential,Hana Nassri,Vandana Kaku,3135.0,7723.28,1,4,FALSE,N,FALSE,FALSE,N
1036221,LTD Interiors,DESIGN,DESIGNER_INDEPENDENT,Group 2 High Potential,Anna Hudspeth,Vandana Kaku,0.0,7608.0,0,2,TRUE,N,FALSE,FALSE,N
1013398,Honey and Fitz,DESIGN,DESIGNER_INDEPENDENT,Group 2 Medium Potential,Wesley Hood,Vandana Kaku,14138.0,7503.0,11,5,FALSE,N,FALSE,FALSE,N
1007983,Lekker Home,RETAIL,SINGLE_LOCATION,Group 2 High Potential,Hana Nassri,Vandana Kaku,0.0,7462.0,1,2,FALSE,N,FALSE,FALSE,N
1010719,Pinney Designs,DESIGN,DESIGN_FIRM,Group 2 Medium Potential,Hana Nassri,Vandana Kaku,7240.0,7275.0,2,1,FALSE,N,FALSE,FALSE,N
1001356,Timeless Interiors (MA),DESIGN,DESIGN_FIRM,Group 2 Medium Potential,Anna Hudspeth,Vandana Kaku,5233.0,7263.0,7,6,FALSE,N,FALSE,FALSE,N
1036839,Sweenor Builders Inc,DESIGN,DESIGN_FIRM,Group 2 High Potential,Hana Nassri,Vandana Kaku,0.0,7200.0,0,3,TRUE,N,FALSE,FALSE,N
1026090,Jay Adams Design,DESIGN,DESIGNER_INDEPENDENT,Group 2 High Potential,Hana Nassri,Vandana Kaku,2255.0,7199.0,1,6,FALSE,N,FALSE,FALSE,N
1015751,Pear Tree Point Interiors,DESIGN,DESIGN_FIRM,Group 2 High Potential,Carrie Odendahl,Vandana Kaku,3532.0,7197.0,1,4,FALSE,N,FALSE,FALSE,N
1008544,Sarah Ponden Interiors,DESIGN,DESIGNER_INDEPENDENT,Group 2 High Potential,Carrie Odendahl,Vandana Kaku,2632.0,7127.0,6,11,FALSE,N,FALSE,FALSE,N
1001708,Urban Design Interiors,DESIGN,DESIGN_FIRM,Group 2 Medium Potential,Hana Nassri,Vandana Kaku,6459.28,6932.5,7,7,FALSE,N,FALSE,FALSE,N
1019415,Acorn hill design,DESIGN,DESIGNER_INDEPENDENT,Group 2 Medium Potential,Carrie Odendahl,Vandana Kaku,8559.0,6717.5,6,4,FALSE,N,FALSE,FALSE,N
1007738,Middlebury Furniture & Home Design,RETAIL,SINGLE_LOCATION,Group 2 Medium Potential,Carrie Odendahl,Vandana Kaku,6616.74,6650.0,7,13,FALSE,N,FALSE,FALSE,N
1023693,Carta Creatives,DESIGN,DESIGN_FIRM,Group 2 Medium Potential,Carrie Odendahl,Vandana Kaku,3796.0,6611.75,1,2,FALSE,N,FALSE,FALSE,N
1036725,Willow Interiors,DESIGN,DESIGN_FIRM,Group 2 High Potential,Hana Nassri,Vandana Kaku,0.0,6577.3,0,6,TRUE,N,FALSE,FALSE,N
1002314,Stetson Interiors,DESIGN,DESIGN_FIRM,Group 2 Medium Potential,Hana Nassri,Vandana Kaku,1559.0,6523.3,1,6,FALSE,N,FALSE,FALSE,N
1026747,"John Cinti Designs, LLC",DESIGN,DESIGN_FIRM,Group 2 Medium Potential,Carrie Odendahl,Vandana Kaku,5139.3,6508.35,2,4,FALSE,N,FALSE,FALSE,N
1019067,Lisa Ritchie Interiors,DESIGN,DESIGNER_INDEPENDENT,Group 2 High Potential,Hana Nassri,Vandana Kaku,1302.0,6469.5,1,5,FALSE,N,FALSE,FALSE,N
1020125,Mally Skok Design,DESIGN,DESIGN_FIRM,Group 2 Medium Potential,Hana Nassri,Vandana Kaku,4315.0,6260.0,2,1,FALSE,N,FALSE,FALSE,N
1011909,Stamm and Black,DESIGN,DESIGN_FIRM,Group 2 Medium Potential,Hana Nassri,Vandana Kaku,11047.2,6238.0,9,8,FALSE,N,FALSE,FALSE,N
1035491,R Campbell Design LLC,DESIGN,DESIGNER_INDEPENDENT,Group 2 High Potential,Madison Wolpe,Vandana Kaku,0.0,6193.35,0,3,TRUE,N,FALSE,FALSE,N
1036721,Taste Design,DESIGN,DESIGN_FIRM,Group 2 High Potential,Anna Hudspeth,Vandana Kaku,0.0,6160.0,0,3,TRUE,N,FALSE,FALSE,N
1005808,Casabella,DESIGN,DESIGN_FIRM,Group 2 Medium Potential,Hana Nassri,Vandana Kaku,0.0,6107.0,0,3,FALSE,N,FALSE,FALSE,N
1037628,"Lamppost Furniture and Design, LLC",DESIGN,DESIGNER_INDEPENDENT,Group 2 High Potential,Anna Hudspeth,Vandana Kaku,0.0,5990.5,0,2,TRUE,N,FALSE,FALSE,N
1008642,Blakely Interior Design,DESIGN,DESIGN_FIRM,Group 2 High Potential,Carrie Odendahl,Vandana Kaku,1588.0,5744.0,2,7,FALSE,N,FALSE,FALSE,N
1023404,Andrea Pires de Castro of StudioFinesse LLC,DESIGN,DESIGNER_INDEPENDENT,Group 2 Medium Potential,Anna Hudspeth,Vandana Kaku,11603.4,5614.0,7,4,FALSE,N,FALSE,FALSE,N
1008205,"Design House Interiors, LLC",DESIGN,DESIGN_FIRM,Group 2 Medium Potential,Carrie Odendahl,Vandana Kaku,11339.5,5567.75,15,10,FALSE,N,FALSE,FALSE,N
1014873,Kate MacPherson Design,DESIGN,DESIGNER_INDEPENDENT,Group 2 High Potential,Wesley Hood,Vandana Kaku,2058.0,5532.64,2,4,FALSE,N,FALSE,FALSE,N
1035401,Design Vision,DESIGN,DESIGNER_INDEPENDENT,Group 2 Medium Potential,Hana Nassri,Vandana Kaku,0.0,5458.0,0,2,FALSE,N,FALSE,FALSE,N
1013256,Fofie and Mia's,DESIGN,DESIGNER_INDEPENDENT,Group 2 Medium Potential,Vandana Kaku,Vandana Kaku,11213.0,5409.0,9,8,FALSE,N,FALSE,FALSE,N
1007299,Davis Raines Design,RETAIL,SINGLE_LOCATION,Group 2 High Potential,Carrie Odendahl,Vandana Kaku,2327.0,5354.0,3,6,FALSE,N,FALSE,FALSE,N
1018973,Tiny Gem Studios,DESIGN,DESIGNER_INDEPENDENT,Group 2 Medium Potential,Hana Nassri,Vandana Kaku,0.0,5326.2,0,3,FALSE,N,FALSE,FALSE,N
1002912,"Kristina Crestin Design, LLC",DESIGN,DESIGNER_INDEPENDENT,Group 2 Medium Potential,Hana Nassri,Vandana Kaku,7332.0,5248.0,3,2,FALSE,N,FALSE,FALSE,N
1008338,"Lisa Davenport Designs, LLC",DESIGN,DESIGN_FIRM,Group 2 Medium Potential,Carrie Odendahl,Vandana Kaku,0.0,5227.42,2,1,FALSE,N,FALSE,FALSE,N
1010972,"IO Design NY, Inc. dba Lulu Home",DESIGN,DESIGNER_INDEPENDENT,Group 2 Medium Potential,Vandana Kaku,Vandana Kaku,0.0,5076.5,0,4,FALSE,N,FALSE,FALSE,N
1027939,AG&Co.,DESIGN,DESIGN_FIRM,Group 2 Medium Potential,Kimberly Myers,Vandana Kaku,3340.14,4962.0,5,4,FALSE,N,FALSE,FALSE,N
1007081,Leslie Gustafson,DESIGN,DESIGNER_INDEPENDENT,Group 2 Medium Potential,Anna Hudspeth,Vandana Kaku,1390.0,4941.0,2,1,FALSE,N,FALSE,FALSE,N
1024450,The FreshMaker,DESIGN,DESIGNER_INDEPENDENT,Group 2 Medium Potential,Hana Nassri,Vandana Kaku,14678.0,4874.55,6,7,FALSE,N,FALSE,FALSE,N
1013945,Bryant Park Designs,DESIGN,DESIGN_FIRM,Group 2 Medium Potential,Wesley Hood,Vandana Kaku,1995.0,4835.0,1,2,FALSE,N,FALSE,FALSE,N
1016242,Mend Interiors,DESIGN,DESIGNER_INDEPENDENT,Group 2 Medium Potential,Anna Hudspeth,Vandana Kaku,8966.4,4795.0,4,1,FALSE,N,FALSE,FALSE,N
1024271,Azalea,RETAIL,SINGLE_LOCATION,Group 2 Medium Potential,Anna Hudspeth,Vandana Kaku,0.0,4749.21,2,0,FALSE,N,FALSE,FALSE,N
1036264,Emma Saliba Interiors,DESIGN,DESIGN_FIRM,Group 2 High Potential,Hana Nassri,Vandana Kaku,0.0,4748.0,0,3,TRUE,N,FALSE,FALSE,N
1015625,Three Sparrows Interior Design,DESIGN,DESIGNER_INDEPENDENT,Group 2 High Potential,Kimberly Myers,Vandana Kaku,310.0,4737.72,3,5,FALSE,N,FALSE,FALSE,N
1023042,Spaces Reimagined,DESIGN,DESIGN_FIRM,Group 2 Medium Potential,Anna Hudspeth,Vandana Kaku,2970.0,4710.0,2,1,FALSE,N,FALSE,FALSE,N
1013416,"Found Design Studio, LLC",DESIGN,DESIGNER_INDEPENDENT,Group 2 Medium Potential,Wesley Hood,Vandana Kaku,4086.6,4694.92,2,4,FALSE,N,FALSE,FALSE,N
1009430,"Elburne, LLC",DESIGN,DESIGN_FIRM,Group 2 Medium Potential,Hana Nassri,Vandana Kaku,4846.0,4658.0,10,9,FALSE,N,FALSE,FALSE,N
1016401,Jody Fierz Interior Design,DESIGN,DESIGN_FIRM,Group 2 Medium Potential,Anna Hudspeth,Vandana Kaku,0.0,4645.0,0,4,FALSE,N,FALSE,FALSE,N
1020589,Lehmann Creative Studio,DESIGN,DESIGNER_INDEPENDENT,Group 2 Medium Potential,Carrie Odendahl,Vandana Kaku,1699.0,4539.0,2,5,FALSE,N,FALSE,FALSE,N
1027646,Gepe Interiors,DESIGN,DESIGN_FIRM,Group 2 High Potential,Vandana Kaku,Vandana Kaku,0.0,4539.0,0,4,TRUE,N,FALSE,FALSE,N
1015178,Jess Klein Studio,DESIGN,DESIGN_FIRM,Group 2 Medium Potential,Hana Nassri,Vandana Kaku,11069.3,4470.65,10,6,FALSE,N,FALSE,FALSE,N
1018546,"Sarah & Sons Interiors, LLC",DESIGN,DESIGNER_INDEPENDENT,Group 2 Medium Potential,Carrie Odendahl,Vandana Kaku,738.5,4378.0,1,3,FALSE,N,FALSE,FALSE,N
1012097,Christine McEwen,DESIGN,DESIGN_FIRM,Group 2 Medium Potential,Hana Nassri,Vandana Kaku,1637.5,4340.0,3,2,FALSE,N,FALSE,FALSE,N
1008780,Nantucket Looms,DESIGN,DESIGN_FIRM,Group 2 Medium Potential,Kimberly Myers,Vandana Kaku,3945.0,4223.0,2,3,FALSE,N,FALSE,FALSE,N
1018282,Lauren Morgan Co,DESIGN,DESIGN_FIRM,Group 2 Medium Potential,Hana Nassri,Vandana Kaku,0.0,4170.75,0,2,FALSE,N,FALSE,FALSE,N
1020247,"JMH Designs, LLC",DESIGN,DESIGNER_INDEPENDENT,Group 2 Medium Potential,Hana Nassri,Vandana Kaku,4478.0,4132.0,2,1,FALSE,N,FALSE,FALSE,N
1006663,Elizabeth Home Decor and Design,DESIGN,DESIGN_FIRM,Group 2 Low Potential,Hana Nassri,Vandana Kaku,6617.0,4116.0,7,1,FALSE,N,FALSE,FALSE,N
1013086,Ryann Swan Designs,DESIGN,DESIGNER_INDEPENDENT,Group 2 High Potential,Vandana Kaku,Vandana Kaku,557.0,4096.0,1,3,FALSE,N,FALSE,FALSE,N
1001056,Heritage house,DESIGN,DESIGN_FIRM,Group 2 Medium Potential,Hana Nassri,Vandana Kaku,13731.6,4093.0,6,3,FALSE,N,FALSE,FALSE,N
1022307,D.Schmunk IDS / DBA: Rehabitat,DESIGN,DESIGN_FIRM,Group 2 Medium Potential,Anna Hudspeth,Vandana Kaku,11107.19,4076.0,8,3,FALSE,N,FALSE,FALSE,N
1002552,Robin Cotter - Decorating Den Interiors,DESIGN,DESIGNER_INDEPENDENT,Group 2 Medium Potential,Hana Nassri,Vandana Kaku,6452.6,4046.0,4,4,FALSE,N,FALSE,FALSE,N
1012650,Beige and Bleu Design Studio,DESIGN,DESIGN_FIRM,Group 2 Medium Potential,Hana Nassri,Vandana Kaku,0.0,3985.0,0,1,FALSE,N,FALSE,FALSE,N
1035804,EMJ Realty LLC,DESIGN,DESIGNER_NO_SHOWROOM,Group 2 High Potential,Madison Wolpe,Vandana Kaku,0.0,3942.65,0,5,TRUE,N,FALSE,FALSE,N
1013424,Copper Dot Interiors,DESIGN,DESIGNER_INDEPENDENT,Group 2 Medium Potential,Kimberly Myers,Vandana Kaku,4501.9,3910.5,2,1,FALSE,N,FALSE,FALSE,N
1038045,Casa Linda Design,RETAIL,SINGLE_LOCATION,Group 2 High Potential,Anna Hudspeth,Vandana Kaku,0.0,3895.0,0,1,TRUE,N,FALSE,FALSE,N
1025171,Meghan Lewis Interiors dba Lewis Vaughn Interiors,DESIGN,DESIGN_FIRM,Group 2 High Potential,Madison Wolpe,Vandana Kaku,0.0,3873.0,0,2,TRUE,N,FALSE,FALSE,N
1017822,walker raiti Interiors,DESIGN,DESIGN_FIRM,Group 2 Medium Potential,Anna Hudspeth,Vandana Kaku,9025.0,3851.0,1,1,FALSE,N,FALSE,FALSE,N
1019491,Thacher & Spring,RETAIL,SINGLE_LOCATION,Group 2 Medium Potential,Hana Nassri,Vandana Kaku,8184.0,3849.0,14,8,FALSE,N,FALSE,FALSE,N
1014820,Home in Harmony (MA),DESIGN,DESIGN_FIRM,Group 2 Medium Potential,Wesley Hood,Vandana Kaku,4896.0,3784.7,3,2,FALSE,N,FALSE,FALSE,N
1035002,"JS Design and Build,LLC dba Detail Theory",RETAIL,SINGLE_LOCATION,Group 2 Medium Potential,Anna Hudspeth,Vandana Kaku,180.0,3765.0,1,2,FALSE,N,FALSE,FALSE,N
1025797,"AJ Concepts, Design & Contracting",DESIGN,DESIGN_FIRM,Group 2 Medium Potential,Anna Hudspeth,Vandana Kaku,0.0,3748.7,1,0,FALSE,N,FALSE,FALSE,N
1018881,HOUSE OF COCO INTERIORS,DESIGN,DESIGN_FIRM,Group 2 Medium Potential,Hana Nassri,Vandana Kaku,2080.0,3720.0,2,3,FALSE,N,FALSE,FALSE,N
1038444,Gayle Shelby Interiors,DESIGN,DESIGN_FIRM,Group 2 High Potential,Hana Nassri,Vandana Kaku,0.0,3719.0,0,2,TRUE,N,FALSE,FALSE,N
1001796,"Details, Inc",DESIGN,DESIGN_FIRM,Group 2 Medium Potential,Anna Hudspeth,Vandana Kaku,8158.0,3658.1,7,8,FALSE,N,FALSE,FALSE,N
1023558,"August Oliver Home, LLC",DESIGN,DESIGNER_INDEPENDENT,Group 2 High Potential,Carrie Odendahl,Vandana Kaku,715.0,3630.4,1,3,FALSE,N,FALSE,FALSE,N
1006247,Jan Hedrick Interiors,DESIGN,DESIGNER_INDEPENDENT,Group 2 Medium Potential,Hana Nassri,Vandana Kaku,0.0,3625.27,1,1,FALSE,N,FALSE,FALSE,N
1001116,Red Bird Trading and Realty Corp,DESIGN,DESIGN_FIRM,Group 2 Medium Potential,Wesley Hood,Vandana Kaku,11883.5,3615.0,8,7,FALSE,N,FALSE,FALSE,N
1027918,Pare Home,DESIGN,DESIGNER_INDEPENDENT,Group 2 High Potential,Kimberly Myers,Vandana Kaku,0.0,3560.0,0,1,TRUE,N,FALSE,FALSE,N
1024403,Amber Dawn Interiors,DESIGN,DESIGNER_INDEPENDENT,Group 2 Medium Potential,Carrie Odendahl,Vandana Kaku,4495.23,3542.4,3,1,FALSE,N,FALSE,FALSE,N
1021654,Jody Paris Interiors,DESIGN,DESIGNER_INDEPENDENT,Group 2 Medium Potential,Hana Nassri,Vandana Kaku,2852.5,3529.5,4,1,FALSE,N,FALSE,FALSE,N
1009071,MGS Design,DESIGN,DESIGN_FIRM,Group 2 Medium Potential,Anna Hudspeth,Vandana Kaku,0.0,3456.0,0,1,FALSE,N,FALSE,FALSE,N
1004385,"Amy Coe, Inc.",DESIGN,DESIGNER_INDEPENDENT,Group 2 Medium Potential,Carrie Odendahl,Vandana Kaku,10946.0,3319.0,8,3,FALSE,N,FALSE,FALSE,N
1022494,"Adore, LLC",RETAIL,SINGLE_LOCATION,Group 2 Medium Potential,Anna Hudspeth,Vandana Kaku,0.0,3314.25,0,2,FALSE,N,FALSE,FALSE,N
1017565,Stacie Mayer Interior Design,DESIGN,DESIGNER_INDEPENDENT,Group 2 Medium Potential,Hana Nassri,Vandana Kaku,12928.5,3308.0,9,3,FALSE,N,FALSE,FALSE,N
1021779,290 Eliot Interiors,DESIGN,DESIGNER_INDEPENDENT,Group 2 Medium Potential,Anna Hudspeth,Vandana Kaku,3689.0,3218.0,2,4,FALSE,N,FALSE,FALSE,N
1038291,Hillside Design Group LLC,DESIGN,DESIGNER_INDEPENDENT,Group 2 High Potential,Anna Hudspeth,Vandana Kaku,0.0,3204.2,0,3,TRUE,N,FALSE,FALSE,N
1037712,Isabella Califano Ehrlich LLC,DESIGN,DESIGN_FIRM,Group 2 High Potential,Kyra Williamson,Vandana Kaku,0.0,3129.0,0,1,TRUE,N,FALSE,FALSE,N
1019071,Dune Interiors,DESIGN,DESIGNER_INDEPENDENT,Group 2 Medium Potential,Hana Nassri,Vandana Kaku,0.0,3106.0,0,5,FALSE,N,FALSE,FALSE,N
1013340,Carolyn Thayer Interiors,DESIGN,DESIGN_FIRM,Group 2 Medium Potential,Hana Nassri,Vandana Kaku,12739.14,3105.6,7,1,FALSE,N,FALSE,FALSE,N
1009657,"Cabot House, Inc.",RETAIL,MULTIPLE_LOCATIONS,Group 2 Medium Potential,Anna Hudspeth,Vandana Kaku,11312.0,3102.0,6,7,FALSE,N,FALSE,FALSE,N
1035174,"Harlan & Hazel, LLC",DESIGN,DESIGNER_INDEPENDENT,Group 2 High Potential,Madison Wolpe,Vandana Kaku,0.0,3051.39,0,1,TRUE,N,FALSE,FALSE,N
1037041,CFS HOME DESIGN,DESIGN,DESIGNER_INDEPENDENT,Group 2 High Potential,Anna Hudspeth,Vandana Kaku,0.0,2993.0,0,2,TRUE,N,FALSE,FALSE,N
1024417,Jill Rae design,RETAIL,SINGLE_LOCATION,Group 2 Medium Potential,Carrie Odendahl,Vandana Kaku,2815.0,2947.0,3,4,FALSE,N,FALSE,FALSE,N
1027038,Melody Hayward Design LLC,DESIGN,DESIGNER_INDEPENDENT,Group 2 Medium Potential,Anna Hudspeth,Vandana Kaku,49.0,2886.0,1,2,FALSE,N,FALSE,FALSE,N
1025787,M&H Interiors,DESIGN,DESIGNER_INDEPENDENT,Group 2 Medium Potential,Anna Hudspeth,Vandana Kaku,8474.0,2871.0,7,4,FALSE,N,FALSE,FALSE,N
1019585,Abode (MA),DESIGN,DESIGNER_INDEPENDENT,Group 2 Medium Potential,Hana Nassri,Vandana Kaku,5531.0,2862.0,4,1,FALSE,N,FALSE,FALSE,N
1026119,Beth Powers Design,DESIGN,DESIGN_FIRM,Group 2 Medium Potential,Carrie Odendahl,Vandana Kaku,1102.0,2840.0,3,3,FALSE,N,FALSE,FALSE,N
1025877,ck a + i,DESIGN,DESIGNER_INDEPENDENT,Group 2 Medium Potential,Anna Hudspeth,Vandana Kaku,0.0,2775.0,0,1,FALSE,N,FALSE,FALSE,N
1035431,Opaline Interiors Studio,DESIGN,DESIGNER_INDEPENDENT,Group 2 Medium Potential,Madison Wolpe,Vandana Kaku,0.0,2653.56,0,5,FALSE,N,FALSE,FALSE,N
1024410,Vivian Robins Design,DESIGN,DESIGNER_INDEPENDENT,Group 2 High Potential,Madison Wolpe,Vandana Kaku,0.0,2610.0,0,1,TRUE,N,FALSE,FALSE,N
1037853,"Mary Baude Interiors, LLC",DESIGN,DESIGNER_INDEPENDENT,Group 2 High Potential,Carrie Odendahl,Vandana Kaku,0.0,2581.5,0,1,TRUE,N,FALSE,FALSE,N
1036615,Karen Foster Interiors,DESIGN,DESIGNER_INDEPENDENT,Group 2 High Potential,Anna Hudspeth,Vandana Kaku,0.0,2565.5,0,1,TRUE,N,FALSE,FALSE,N
1023291,Jacopille Design,DESIGN,DESIGNER_INDEPENDENT,Group 2 Medium Potential,Anna Hudspeth,Vandana Kaku,0.0,2551.0,0,2,FALSE,N,FALSE,FALSE,N
1006395,Clarity Home Interiors,DESIGN,DESIGN_FIRM,Group 2 Medium Potential,Anna Hudspeth,Vandana Kaku,0.0,2540.0,0,1,FALSE,N,FALSE,FALSE,N
1023933,Kindred Designs,DESIGN,DESIGNER_INDEPENDENT,Group 2 Medium Potential,Hana Nassri,Vandana Kaku,5296.5,2515.91,4,3,FALSE,N,FALSE,FALSE,N
1027739,EWP Interiors,DESIGN,DESIGNER_INDEPENDENT,Group 2 Medium Potential,Hana Nassri,Vandana Kaku,805.0,2502.5,1,3,FALSE,N,FALSE,FALSE,N
,,,,,,,,,,,,,,,
================================================================================,,,,,,,,,,,,,,,
GROUP 3 (LOW REVENUE) - KEEPING: 71 accounts | $26302.30 revenue,,,,,,,,,,,,,,,
(Protected accounts - not flagged for floor removal),,,,,,,,,,,,,,,
================================================================================,,,,,,,,,,,,,,,
Customer No.,Account_Name,Segment,Sub_Segment,Segment_Label,Assigned_Rep_Name,Final_Rep_Name,Total_Rev_2024,Total_Rev_2025,Orders_2024,Orders_2025,Is_New_2025,BTF,Floor_Exception,Floor_Removed,In SF ex BI
1008083,Fairhaven Furniture,RETAIL,SINGLE_LOCATION,Group 3 Medium Potential,Carrie Odendahl,Vandana Kaku,4300.0,2254.0,6,3,FALSE,N,FALSE,FALSE,N
1035843,Griffin Balsbaugh Interiors LLC,DESIGN,DESIGNER_INDEPENDENT,Group 3 High Potential,Madison Wolpe,Vandana Kaku,0.0,1981.0,0,1,TRUE,N,FALSE,FALSE,N
1035780,Cedar House Design Collective,DESIGN,DESIGN_FIRM,Group 3 High Potential,Madison Wolpe,Vandana Kaku,0.0,1942.0,0,2,TRUE,N,FALSE,FALSE,N
1035550,Driftwood Farmhouse,DESIGN,DESIGNER_INDEPENDENT,Group 3 High Potential,Madison Wolpe,Vandana Kaku,0.0,1935.0,0,1,TRUE,N,FALSE,FALSE,N
1017436,Monroe Home & Style,RETAIL,SINGLE_LOCATION,Group 3 Medium Potential,Hana Nassri,Vandana Kaku,455.0,1720.0,2,2,FALSE,N,FALSE,FALSE,N
1006874,K Tharp Design,DESIGN,DESIGNER_INDEPENDENT,Group 3 High Potential,Hana Nassri,Vandana Kaku,0.0,1560.0,0,1,TRUE,N,FALSE,FALSE,N
1015877,Sage Market + Design Inc,RETAIL,SINGLE_LOCATION,Group 3 Medium Potential,Hana Nassri,Vandana Kaku,2285.1,1471.0,7,3,FALSE,N,FALSE,FALSE,N
1037008,Douglas Graneto Design,DESIGN,DESIGN_FIRM,Group 3 High Potential,Anna Hudspeth,Vandana Kaku,0.0,1438.5,0,1,TRUE,N,FALSE,FALSE,N
1010439,Tusk Home and Design LLC,RETAIL,SINGLE_LOCATION,Group 3 Medium Potential,Carrie Odendahl,Vandana Kaku,3895.0,1411.0,3,2,FALSE,N,FALSE,FALSE,N
1037016,Highline Construction,DESIGN,ARCHITECT_BUILDER,Group 3 High Potential,Hana Nassri,Vandana Kaku,0.0,1271.1,0,1,TRUE,N,FALSE,FALSE,N
1023788,Element LLC dba Fresh Interiors,RETAIL,SINGLE_LOCATION,Group 3 Low Potential,Hana Nassri,Vandana Kaku,5491.0,1195.0,8,1,FALSE,N,FALSE,FALSE,N
1037539,SA Design Studio,DESIGN,DESIGN_FIRM,Group 3 High Potential,Vandana Kaku,Vandana Kaku,0.0,1098.0,0,2,TRUE,N,FALSE,FALSE,N
1008339,Jan Luchetti Interiors,DESIGN,DESIGN_FIRM,Group 3 High Potential,Hana Nassri,Vandana Kaku,0.0,1030.0,0,1,TRUE,N,FALSE,FALSE,N
1037032,ECM Interior Designs,DESIGN,DESIGNER_INDEPENDENT,Group 3 High Potential,Anna Hudspeth,Vandana Kaku,0.0,1015.0,0,1,TRUE,N,FALSE,FALSE,N
1017319,New England Design Elements,DESIGN,DESIGNER_INDEPENDENT,Group 3 High Potential,Anna Hudspeth,Vandana Kaku,0.0,915.0,0,1,TRUE,N,FALSE,FALSE,N
1026824,"Outdoor Design, LLC",RETAIL,SINGLE_LOCATION,Group 3 Low Potential,Anna Hudspeth,Vandana Kaku,1549.2,724.0,3,1,FALSE,N,FALSE,FALSE,N
1008627,"Sal's Furniture Co, Inc.",RETAIL,SINGLE_LOCATION,Group 3 Medium Potential,Carrie Odendahl,Vandana Kaku,0.0,655.0,0,2,FALSE,N,FALSE,FALSE,N
1035778,Lechmere Rug Co.,RETAIL,SINGLE_LOCATION,Group 3 High Potential,Madison Wolpe,Vandana Kaku,0.0,570.0,0,1,TRUE,N,FALSE,FALSE,N
1036987,studio bks,DESIGN,DESIGNER_INDEPENDENT,Group 3 High Potential,Anna Hudspeth,Vandana Kaku,0.0,555.0,0,1,TRUE,N,FALSE,FALSE,N
1035181,Gabel Design Studio LLC,RETAIL,SINGLE_LOCATION,Group 3 High Potential,Madison Wolpe,Vandana Kaku,0.0,470.0,0,1,TRUE,N,FALSE,FALSE,N
1025341,Godnicks Grand Furniture,RETAIL,SINGLE_LOCATION,Group 3 Low Potential,Kimberly Myers,Vandana Kaku,2755.0,431.0,1,2,FALSE,N,FALSE,FALSE,N
1026860,Innate Architecture Studio PLLC,DESIGN,DESIGN_FIRM,Group 3 High Potential,Madison Wolpe,Vandana Kaku,0.0,175.0,0,1,TRUE,N,FALSE,FALSE,N
1037609,Haddon Interiors LLC,DESIGN,DESIGNER_INDEPENDENT,Group 3 High Potential,Anna Hudspeth,Vandana Kaku,0.0,170.0,0,2,TRUE,N,FALSE,FALSE,N
1035834,Dream Weavers LLC,DESIGN,DESIGNER_INDEPENDENT,Group 3 High Potential,Madison Wolpe,Vandana Kaku,0.0,150.0,0,1,TRUE,N,FALSE,FALSE,N
1036677,THE BEST BOWER,DESIGN,DESIGNER_INDEPENDENT,Group 3 High Potential,Madison Wolpe,Vandana Kaku,0.0,106.0,0,1,TRUE,N,FALSE,FALSE,N
1000272,Rug Merchant (MA),RETAIL,SINGLE_LOCATION,Group 3 Low Potential,Hana Nassri,Vandana Kaku,2775.0,34.7,4,0,FALSE,N,FALSE,FALSE,N
1036325,Importadora Espanola,RETAIL,SINGLE_LOCATION,Group 3 High Potential,Vandana Kaku,Vandana Kaku,0.0,25.0,0,0,TRUE,N,FALSE,FALSE,N
1001011,C and T PAINT and WALLPAPER,RETAIL,SINGLE_LOCATION,Group 3 Low Potential,Hana Nassri,Vandana Kaku,983.0,0.0,1,1,FALSE,N,FALSE,FALSE,N
1005977,RPM Carpets and Floorcoverings,RETAIL,SINGLE_LOCATION,Group 3 Low Potential,Hana Nassri,Vandana Kaku,825.0,0.0,1,0,FALSE,N,FALSE,FALSE,N
1005832,Palace Oriental Rug,RETAIL,SINGLE_LOCATION,Group 3 Low Potential,Carrie Odendahl,Vandana Kaku,1400.0,0.0,1,0,FALSE,N,FALSE,FALSE,N
1005735,"Comina, Inc.",RETAIL,MULTIPLE_LOCATIONS,Group 3 Low Potential,Anna Hudspeth,Vandana Kaku,3249.2,0.0,6,0,FALSE,N,FALSE,FALSE,N
1006557,Ideal Floor Covering,RETAIL,SINGLE_LOCATION,Group 3 Low Potential,Hana Nassri,Vandana Kaku,1296.0,0.0,1,0,FALSE,N,FALSE,FALSE,N
1018333,Julians Interiors,RETAIL,SINGLE_LOCATION,Group 3 Low Potential,Carrie Odendahl,Vandana Kaku,881.0,0.0,1,0,FALSE,N,FALSE,FALSE,N
1010836,"Creative Carpeting, LLC",RETAIL,SINGLE_LOCATION,Group 3 Low Potential,Carrie Odendahl,Vandana Kaku,0.0,0.0,0,0,FALSE,N,FALSE,FALSE,N
1013218,Prosource of New England,RETAIL,MULTIPLE_LOCATIONS,Group 3 Low Potential,Hana Nassri,Vandana Kaku,3567.39,0.0,4,0,FALSE,N,FALSE,FALSE,N
1015524,"Maloney Interiors, LLC",RETAIL,SINGLE_LOCATION,Group 3 Low Potential,Anna Hudspeth,Vandana Kaku,0.0,0.0,0,1,FALSE,N,FALSE,FALSE,N
1009566,"Pavilion Floors, Inc",RETAIL,SINGLE_LOCATION,Group 3 Low Potential,Hana Nassri,Vandana Kaku,0.0,0.0,0,1,TRUE,N,FALSE,FALSE,N
1007151,Jeff Ollivierre's Carpets,RETAIL,SINGLE_LOCATION,Group 3 Low Potential,Hana Nassri,Vandana Kaku,0.0,0.0,0,0,FALSE,N,FALSE,FALSE,N
1008476,Laurie Gorelick Interiors,RETAIL,SINGLE_LOCATION,Group 3 Low Potential,Hana Nassri,Vandana Kaku,0.0,0.0,0,0,FALSE,N,FALSE,FALSE,N
1026708,morgan harrison home,DESIGN,DESIGN_FIRM,Group 3 High Potential,Vandana Kaku,Vandana Kaku,0.0,0.0,0,0,TRUE,N,FALSE,FALSE,N
1026666,Savoir Faire Home,RETAIL,SINGLE_LOCATION,Group 3 Low Potential,Hana Nassri,Vandana Kaku,2555.0,0.0,1,0,FALSE,N,FALSE,FALSE,N
1025895,The Finish,RETAIL,SINGLE_LOCATION,Group 3 Low Potential,Carrie Odendahl,Vandana Kaku,147.0,0.0,1,0,FALSE,N,FALSE,FALSE,N
1025718,Heja Home,E-TAILER,SPECIALTY,Group 3 Low Potential,Amanda Kistela,Vandana Kaku,1955.0,0.0,1,0,FALSE,N,FALSE,FALSE,N
1025140,rk MILES,RETAIL,MULTIPLE_LOCATIONS,Group 3 Low Potential,Kimberly Myers,Vandana Kaku,0.0,0.0,0,0,FALSE,N,FALSE,FALSE,N
1025305,KMR  Home Designs,RETAIL,SINGLE_LOCATION,Group 3 Low Potential,Kimberly Myers,Vandana Kaku,4929.44,0.0,1,0,FALSE,N,FALSE,FALSE,N
1024192,Stevens Design,DESIGN,DESIGNER_INDEPENDENT,Group 3 High Potential,Madison Wolpe,Vandana Kaku,0.0,0.0,0,0,TRUE,N,FALSE,FALSE,N
1024550,the UNCOMMON HOMe llc Sally Burns,RETAIL,SINGLE_LOCATION,Group 3 Low Potential,Kimberly Myers,Vandana Kaku,3074.0,0.0,3,0,FALSE,N,FALSE,FALSE,N
1021276,HAVEN Living Co.,RETAIL,SINGLE_LOCATION,Group 3 Low Potential,Hana Nassri,Vandana Kaku,0.0,0.0,0,0,FALSE,N,FALSE,FALSE,N
1021683,CREAM AND TEXTURE,RETAIL,SINGLE_LOCATION,Group 3 Low Potential,Madison Wolpe,Vandana Kaku,0.0,0.0,0,0,FALSE,N,FALSE,FALSE,N
1024157,Laigle Floor Coverings & Design,RETAIL,MULTIPLE_LOCATIONS,Group 3 Low Potential,Madison Wolpe,Vandana Kaku,0.0,0.0,0,0,FALSE,N,FALSE,FALSE,N
1022545,The Evolved Home,RETAIL,SINGLE_LOCATION,Group 3 Low Potential,Madison Wolpe,Vandana Kaku,0.0,0.0,0,0,FALSE,N,FALSE,FALSE,N
1018877,Capello Design Home,RETAIL,SINGLE_LOCATION,Group 3 Low Potential,Hana Nassri,Vandana Kaku,25582.6,0.0,8,1,FALSE,N,FALSE,FALSE,N
1015170,Home Decor Group,RETAIL,MULTIPLE_LOCATIONS,Group 3 Low Potential,Vandana Kaku,Vandana Kaku,830.0,0.0,1,0,FALSE,N,FALSE,FALSE,N
1013859,Acanthus Event Design,DESIGN,DESIGNER_INDEPENDENT,Group 3 High Potential,Vandana Kaku,Vandana Kaku,0.0,0.0,0,0,TRUE,N,FALSE,FALSE,N
1026892,Michelle Waugh Interiors LLC,DESIGN,DESIGN_FIRM,Group 3 High Potential,Madison Wolpe,Vandana Kaku,0.0,0.0,0,0,TRUE,N,FALSE,FALSE,N
1036019,Duchess Den Interiors,DESIGN,DESIGN_FIRM,Group 3 High Potential,Anna Hudspeth,Vandana Kaku,0.0,0.0,0,0,TRUE,N,FALSE,FALSE,N
1035946,River House Interiors LLC,DESIGN,DESIGN_FIRM,Group 3 High Potential,Madison Wolpe,Vandana Kaku,0.0,0.0,0,0,TRUE,N,FALSE,FALSE,N
1035762,Christine Woodman Design,DESIGN,DESIGNER_INDEPENDENT,Group 3 High Potential,Madison Wolpe,Vandana Kaku,0.0,0.0,0,0,TRUE,N,FALSE,FALSE,N
1035794,Katy Carter Interiors,DESIGN,DESIGNER_INDEPENDENT,Group 3 High Potential,Madison Wolpe,Vandana Kaku,0.0,0.0,0,0,TRUE,N,FALSE,FALSE,N
1027766,Lewis & Weldon Custom Cabinetry LLC,RETAIL,SINGLE_LOCATION,Group 3 High Potential,Madison Wolpe,Vandana Kaku,0.0,0.0,0,0,TRUE,N,FALSE,FALSE,N
1035210,Arkins Dasco Design LLC,DESIGN,DESIGNER_INDEPENDENT,Group 3 High Potential,Madison Wolpe,Vandana Kaku,0.0,0.0,0,1,TRUE,N,FALSE,FALSE,N
1035423,"Turnstiles Services, LLC",DESIGN,DESIGNER_INDEPENDENT,Group 3 High Potential,Madison Wolpe,Vandana Kaku,0.0,0.0,0,0,TRUE,N,FALSE,FALSE,N
1035497,The Trellis House Inc,RETAIL,MULTIPLE_LOCATIONS,Group 3 Low Potential,Carrie Odendahl,Vandana Kaku,400.0,0.0,1,0,FALSE,N,FALSE,FALSE,N
1036844,Lenora Wilcox Collins,DESIGN,DESIGN_FIRM,Group 3 High Potential,Hana Nassri,Vandana Kaku,0.0,0.0,0,0,TRUE,N,FALSE,FALSE,N
1036929,Melissa Gulley Interior Design,DESIGN,DESIGN_FIRM,Group 3 High Potential,Hana Nassri,Vandana Kaku,0.0,0.0,0,0,TRUE,N,FALSE,FALSE,N
1036388,Westport design projects,DESIGN,DESIGN_FIRM,Group 3 High Potential,Anna Hudspeth,Vandana Kaku,0.0,0.0,0,1,TRUE,N,FALSE,FALSE,N
1036804,SL Designs,DESIGN,DESIGNER_INDEPENDENT,Group 3 High Potential,Anna Hudspeth,Vandana Kaku,0.0,0.0,0,0,TRUE,N,FALSE,FALSE,N
1037234,Saltbox Home Design,DESIGN,DESIGNER_INDEPENDENT,Group 3 High Potential,Anna Hudspeth,Vandana Kaku,0.0,0.0,0,0,TRUE,N,FALSE,FALSE,N
1037170,Mia Friedman Design LLC,DESIGN,DESIGNER_INDEPENDENT,Group 3 High Potential,Anna Hudspeth,Vandana Kaku,0.0,0.0,0,0,TRUE,N,FALSE,FALSE,N
1037834,Landry & Arcari,RETAIL,MULTIPLE_LOCATIONS,Group 3 High Potential,Hana Nassri,Vandana Kaku,0.0,0.0,0,1,TRUE,N,FALSE,FALSE,N
1038354,Liz Anderson Interiors,DESIGN,DESIGNER_INDEPENDENT,Group 3 High Potential,Kimberly Myers,Vandana Kaku,0.0,0.0,0,2,TRUE,N,FALSE,FALSE,N
,,,,,,,,,,,,,,,
================================================================================,,,,,,,,,,,,,,,
ZERO REVENUE ACCOUNTS: 45 accounts (20 are new 2025 customers),,,,,,,,,,,,,,,
================================================================================,,,,,,,,,,,,,,,
Customer No.,Account_Name,Segment,Sub_Segment,Segment_Label,Assigned_Rep_Name,Final_Rep_Name,Total_Rev_2024,Total_Rev_2025,Orders_2024,Orders_2025,Is_New_2025,BTF,Floor_Exception,Floor_Removed,In SF ex BI
1018877,Capello Design Home,RETAIL,SINGLE_LOCATION,Group 3 Low Potential,Hana Nassri,Vandana Kaku,25582.6,0.0,8,1,FALSE,N,FALSE,FALSE,N
1016391,My Gingerland LLC,DESIGN,DESIGNER_INDEPENDENT,Group 3 Low Potential,Carrie Odendahl,Vandana Kaku,20531.6,0.0,2,0,FALSE,Y,FALSE,TRUE,N
1025305,KMR  Home Designs,RETAIL,SINGLE_LOCATION,Group 3 Low Potential,Kimberly Myers,Vandana Kaku,4929.44,0.0,1,0,FALSE,N,FALSE,FALSE,N
1013218,Prosource of New England,RETAIL,MULTIPLE_LOCATIONS,Group 3 Low Potential,Hana Nassri,Vandana Kaku,3567.39,0.0,4,0,FALSE,N,FALSE,FALSE,N
1005735,"Comina, Inc.",RETAIL,MULTIPLE_LOCATIONS,Group 3 Low Potential,Anna Hudspeth,Vandana Kaku,3249.2,0.0,6,0,FALSE,N,FALSE,FALSE,N
1024550,the UNCOMMON HOMe llc Sally Burns,RETAIL,SINGLE_LOCATION,Group 3 Low Potential,Kimberly Myers,Vandana Kaku,3074.0,0.0,3,0,FALSE,N,FALSE,FALSE,N
1026666,Savoir Faire Home,RETAIL,SINGLE_LOCATION,Group 3 Low Potential,Hana Nassri,Vandana Kaku,2555.0,0.0,1,0,FALSE,N,FALSE,FALSE,N
1025718,Heja Home,E-TAILER,SPECIALTY,Group 3 Low Potential,Amanda Kistela,Vandana Kaku,1955.0,0.0,1,0,FALSE,N,FALSE,FALSE,N
1005832,Palace Oriental Rug,RETAIL,SINGLE_LOCATION,Group 3 Low Potential,Carrie Odendahl,Vandana Kaku,1400.0,0.0,1,0,FALSE,N,FALSE,FALSE,N
1006557,Ideal Floor Covering,RETAIL,SINGLE_LOCATION,Group 3 Low Potential,Hana Nassri,Vandana Kaku,1296.0,0.0,1,0,FALSE,N,FALSE,FALSE,N
1001011,C and T PAINT and WALLPAPER,RETAIL,SINGLE_LOCATION,Group 3 Low Potential,Hana Nassri,Vandana Kaku,983.0,0.0,1,1,FALSE,N,FALSE,FALSE,N
1018333,Julians Interiors,RETAIL,SINGLE_LOCATION,Group 3 Low Potential,Carrie Odendahl,Vandana Kaku,881.0,0.0,1,0,FALSE,N,FALSE,FALSE,N
1015170,Home Decor Group,RETAIL,MULTIPLE_LOCATIONS,Group 3 Low Potential,Vandana Kaku,Vandana Kaku,830.0,0.0,1,0,FALSE,N,FALSE,FALSE,N
1005977,RPM Carpets and Floorcoverings,RETAIL,SINGLE_LOCATION,Group 3 Low Potential,Hana Nassri,Vandana Kaku,825.0,0.0,1,0,FALSE,N,FALSE,FALSE,N
1035497,The Trellis House Inc,RETAIL,MULTIPLE_LOCATIONS,Group 3 Low Potential,Carrie Odendahl,Vandana Kaku,400.0,0.0,1,0,FALSE,N,FALSE,FALSE,N
1025895,The Finish,RETAIL,SINGLE_LOCATION,Group 3 Low Potential,Carrie Odendahl,Vandana Kaku,147.0,0.0,1,0,FALSE,N,FALSE,FALSE,N
1013859,Acanthus Event Design,DESIGN,DESIGNER_INDEPENDENT,Group 3 High Potential,Vandana Kaku,Vandana Kaku,0.0,0.0,0,0,TRUE,N,FALSE,FALSE,N
1008476,Laurie Gorelick Interiors,RETAIL,SINGLE_LOCATION,Group 3 Low Potential,Hana Nassri,Vandana Kaku,0.0,0.0,0,0,FALSE,N,FALSE,FALSE,N
1007151,Jeff Ollivierre's Carpets,RETAIL,SINGLE_LOCATION,Group 3 Low Potential,Hana Nassri,Vandana Kaku,0.0,0.0,0,0,FALSE,N,FALSE,FALSE,N
1009566,"Pavilion Floors, Inc",RETAIL,SINGLE_LOCATION,Group 3 Low Potential,Hana Nassri,Vandana Kaku,0.0,0.0,0,1,TRUE,N,FALSE,FALSE,N
1010836,"Creative Carpeting, LLC",RETAIL,SINGLE_LOCATION,Group 3 Low Potential,Carrie Odendahl,Vandana Kaku,0.0,0.0,0,0,FALSE,N,FALSE,FALSE,N
1015524,"Maloney Interiors, LLC",RETAIL,SINGLE_LOCATION,Group 3 Low Potential,Anna Hudspeth,Vandana Kaku,0.0,0.0,0,1,FALSE,N,FALSE,FALSE,N
1024192,Stevens Design,DESIGN,DESIGNER_INDEPENDENT,Group 3 High Potential,Madison Wolpe,Vandana Kaku,0.0,0.0,0,0,TRUE,N,FALSE,FALSE,N
1022545,The Evolved Home,RETAIL,SINGLE_LOCATION,Group 3 Low Potential,Madison Wolpe,Vandana Kaku,0.0,0.0,0,0,FALSE,N,FALSE,FALSE,N
1024157,Laigle Floor Coverings & Design,RETAIL,MULTIPLE_LOCATIONS,Group 3 Low Potential,Madison Wolpe,Vandana Kaku,0.0,0.0,0,0,FALSE,N,FALSE,FALSE,N
1021276,HAVEN Living Co.,RETAIL,SINGLE_LOCATION,Group 3 Low Potential,Hana Nassri,Vandana Kaku,0.0,0.0,0,0,FALSE,N,FALSE,FALSE,N
1025140,rk MILES,RETAIL,MULTIPLE_LOCATIONS,Group 3 Low Potential,Kimberly Myers,Vandana Kaku,0.0,0.0,0,0,FALSE,N,FALSE,FALSE,N
1026708,morgan harrison home,DESIGN,DESIGN_FIRM,Group 3 High Potential,Vandana Kaku,Vandana Kaku,0.0,0.0,0,0,TRUE,N,FALSE,FALSE,N
1021683,CREAM AND TEXTURE,RETAIL,SINGLE_LOCATION,Group 3 Low Potential,Madison Wolpe,Vandana Kaku,0.0,0.0,0,0,FALSE,N,FALSE,FALSE,N
1026892,Michelle Waugh Interiors LLC,DESIGN,DESIGN_FIRM,Group 3 High Potential,Madison Wolpe,Vandana Kaku,0.0,0.0,0,0,TRUE,N,FALSE,FALSE,N
1027766,Lewis & Weldon Custom Cabinetry LLC,RETAIL,SINGLE_LOCATION,Group 3 High Potential,Madison Wolpe,Vandana Kaku,0.0,0.0,0,0,TRUE,N,FALSE,FALSE,N
1035210,Arkins Dasco Design LLC,DESIGN,DESIGNER_INDEPENDENT,Group 3 High Potential,Madison Wolpe,Vandana Kaku,0.0,0.0,0,1,TRUE,N,FALSE,FALSE,N
1035423,"Turnstiles Services, LLC",DESIGN,DESIGNER_INDEPENDENT,Group 3 High Potential,Madison Wolpe,Vandana Kaku,0.0,0.0,0,0,TRUE,N,FALSE,FALSE,N
1035762,Christine Woodman Design,DESIGN,DESIGNER_INDEPENDENT,Group 3 High Potential,Madison Wolpe,Vandana Kaku,0.0,0.0,0,0,TRUE,N,FALSE,FALSE,N
1035794,Katy Carter Interiors,DESIGN,DESIGNER_INDEPENDENT,Group 3 High Potential,Madison Wolpe,Vandana Kaku,0.0,0.0,0,0,TRUE,N,FALSE,FALSE,N
1035946,River House Interiors LLC,DESIGN,DESIGN_FIRM,Group 3 High Potential,Madison Wolpe,Vandana Kaku,0.0,0.0,0,0,TRUE,N,FALSE,FALSE,N
1036019,Duchess Den Interiors,DESIGN,DESIGN_FIRM,Group 3 High Potential,Anna Hudspeth,Vandana Kaku,0.0,0.0,0,0,TRUE,N,FALSE,FALSE,N
1036388,Westport design projects,DESIGN,DESIGN_FIRM,Group 3 High Potential,Anna Hudspeth,Vandana Kaku,0.0,0.0,0,1,TRUE,N,FALSE,FALSE,N
1036804,SL Designs,DESIGN,DESIGNER_INDEPENDENT,Group 3 High Potential,Anna Hudspeth,Vandana Kaku,0.0,0.0,0,0,TRUE,N,FALSE,FALSE,N
1036844,Lenora Wilcox Collins,DESIGN,DESIGN_FIRM,Group 3 High Potential,Hana Nassri,Vandana Kaku,0.0,0.0,0,0,TRUE,N,FALSE,FALSE,N
1036929,Melissa Gulley Interior Design,DESIGN,DESIGN_FIRM,Group 3 High Potential,Hana Nassri,Vandana Kaku,0.0,0.0,0,0,TRUE,N,FALSE,FALSE,N
1037170,Mia Friedman Design LLC,DESIGN,DESIGNER_INDEPENDENT,Group 3 High Potential,Anna Hudspeth,Vandana Kaku,0.0,0.0,0,0,TRUE,N,FALSE,FALSE,N
1037234,Saltbox Home Design,DESIGN,DESIGNER_INDEPENDENT,Group 3 High Potential,Anna Hudspeth,Vandana Kaku,0.0,0.0,0,0,TRUE,N,FALSE,FALSE,N
1037834,Landry & Arcari,RETAIL,MULTIPLE_LOCATIONS,Group 3 High Potential,Hana Nassri,Vandana Kaku,0.0,0.0,0,1,TRUE,N,FALSE,FALSE,N
1038354,Liz Anderson Interiors,DESIGN,DESIGNER_INDEPENDENT,Group 3 High Potential,Kimberly Myers,Vandana Kaku,0.0,0.0,0,2,TRUE,N,FALSE,FALSE,N
,,,,,,,,,,,,,,,
